0;0;0;0;x;x
1;44;133;133;b_pelyra;x
2;163;101;47;b_tsiflika;x
3;62;118;61;b_yasasim;x
4;161;93;17;b_ghaya;x
5;238;110;195;b_malaca;x
6;96;60;200;b_karzaq;x
7;71;23;119;b_risriam;x
8;31;143;81;b_gelamum;x
9;20;124;58;b_proce;x
10;49;126;84;b_bousopolis;x
11;15;145;135;b_tarofa;x
12;16;83;80;b_al_kudariya;x
13;169;45;111;b_pinauros;x
14;196;77;14;b_qataqaq;x
15;132;161;42;b_daradani;x
16;70;153;41;b_liserna;x
17;115;70;186;b_faisad;x
18;189;33;33;b_husradu;x
19;90;13;115;b_lik_sha;x
20;45;145;72;b_eta;x
21;100;146;207;b_assaion;x
22;107;184;17;b_nastro;x
23;22;127;203;b_assossos;x
24;32;163;124;b_nicigeneia;x
25;172;78;83;b_lamomnos;x
26;206;33;125;b_ideus;x
27;144;94;67;b_epidicyon;x
28;35;122;14;b_cumyrgos;x
29;16;78;27;b_delphiopolis;x
30;12;78;12;b_sybicus;x
31;190;127;44;b_tanylos;x
32;16;90;24;b_aenedon;x
33;209;199;111;b_phasillai;x
34;36;74;21;b_eresagas;x
35;34;104;1;b_odiraki;x
36;180;37;54;b_arsypes;x
37;3;60;124;b_tauranos;x
38;9;152;169;b_gazethra;x
39;35;95;144;b_byllus;x
40;40;39;148;b_rohr;x
41;34;33;164;b_pylamis;x
42;28;12;83;b_smyrnemita;x
43;86;13;13;b_edassa;x
44;194;94;42;b_pandapezus;x
45;209;29;25;b_palinion;x
46;116;34;136;b_zakropeion;x
47;202;72;214;b_gorgake;x
48;85;95;58;b_cebrebes;x
49;16;85;82;b_sicenus;x
50;97;184;22;b_smyssanae;x
51;66;20;20;b_tarodosia;x
52;59;14;108;b_corcios;x
53;148;96;31;b_lamane;x
54;195;67;67;b_iasus;x
55;147;48;48;b_cnidenimahos;x
56;18;46;69;b_cymissa;x
57;109;24;118;b_odotiri;x
58;181;64;27;b_astakros;x
59;89;15;120;b_erythreos;x
60;22;122;43;b_ambeos;x
61;58;134;174;b_seleos;x
62;163;108;36;b_seuthylos;x
63;36;68;169;b_himanthus;x
64;74;7;7;b_smyrnacus;x
65;184;56;210;b_kamareion;x
66;199;203;25;b_bhattu;x
67;216;152;206;b_ucassaim;x
68;19;45;165;b_raipatnam;x
69;96;57;18;b_lahu;x
70;48;204;206;b_garawa;x
71;21;194;211;b_dickchou;x
72;185;149;220;b_singanamala;x
73;25;45;132;b_theodosiosnox;x
74;47;143;67;b_amaotir;x
75;22;115;33;b_uttahur;x
76;139;172;108;b_palhora;x
77;68;136;185;b_urumunda;x
78;184;63;100;b_rehla;x
79;255;17;49;b_tilosingi;x
80;159;19;101;b_batkholu;x
81;166;126;138;b_brancavara;x
82;76;185;173;b_sidi;x
83;180;146;30;b_kundarki;x
84;193;60;24;b_mistford;x
85;151;161;76;b_mysooru;x
86;51;150;155;b_baorli;x
87;48;32;11;b_pipraulia;x
88;153;138;72;b_phangchogaon;x
89;64;103;139;b_dundpur;x
90;52;47;122;b_melli;x
91;131;83;172;b_manjeri;x
92;114;105;24;b_merath;x
93;114;70;27;b_pachdeoria;x
94;213;181;216;b_pabram;x
95;24;108;122;b_narsu;x
96;87;73;32;b_kosdani;x
97;215;16;16;b_ponnamaravathy;x
98;68;92;124;b_chahala;x
99;202;23;23;b_padror;x
100;133;51;42;b_kariyapattinam;x
101;155;16;33;b_haphos;x
102;140;83;33;b_pellabar;x
103;142;137;226;b_thyti;x
104;172;180;95;b_vadkot;x
105;96;10;56;b_helale;x
106;34;159;201;b_naxyreum;x
107;123;18;18;b_aboupoli;x
108;71;168;56;b_durdos;x
109;80;31;177;b_dournpor;x
110;126;87;39;b_kotagiri;x
111;100;20;107;b_theophanoeras;x
112;239;146;46;b_vhatah;x
113;162;66;167;b_chulhule_vasati;x
114;37;85;8;b_tel_kibaid;x
115;100;39;120;b_ghara;x
116;79;81;170;b_khiya;x
117;15;16;101;b_maalourran;x
118;33;95;203;b_habil_ghurab;x
119;210;73;98;b_najatba;x
120;10;26;186;b_beban;x
121;173;61;45;b_tawerhuna;x
122;193;43;27;b_douba;x
123;234;224;87;b_palahi;x
124;250;195;85;b_asclas;x
125;145;184;76;b_ballhuizen;x
126;18;41;177;b_el_diyan;x
127;99;56;14;b_qaysoh;x
128;137;79;110;b_naubhunnah;x
129;28;155;27;b_karn_as_sabr;x
130;223;93;110;b_el_ghahel;x
131;51;238;119;b_tel_junailah;x
132;255;252;0;b_bizan;x
133;27;169;96;b_kahnunrud;x
134;18;58;209;b_magaubitah;x
135;163;97;39;b_qahrahn;x
136;186;38;38;b_sherabdin;x
137;82;196;173;b_baijirnah;x
138;56;151;49;b_barganush;x
139;196;122;49;b_dibba_shaah;x
140;70;6;20;b_smedjeh;x
141;167;140;235;b_baltinyet;x
142;123;60;23;b_kayasil;x
143;67;86;16;b_wadjheb;x
144;40;153;6;b_simurrekh;x
145;136;142;219;b_krasoi;x
146;102;100;48;b_antakhet;x
147;63;104;44;b_ahekesh;x
148;205;63;63;b_erythroricus;x
149;194;2;237;b_ruwayyan;x
150;73;124;52;b_aston;x
151;127;20;83;b_tuklaterennu;x
152;140;73;0;b_assake;x
153;77;45;105;b_kelenye;x
154;22;122;101;b_sozontum;x
155;100;58;32;b_kydeira;x
156;36;108;123;b_aegynthos;x
157;58;61;15;b_smyrnippi;x
158;38;178;196;b_erythrelea;x
159;43;198;55;b_kimmastro;x
160;53;112;193;b_cnidens;x
161;122;101;24;b_gorgomenion;x
162;101;42;196;b_tripissa;x
163;22;111;88;b_pylurii;x
164;123;100;19;b_calylos;x
165;178;98;115;b_golgiteia;x
166;203;97;127;b_seinantio;x
167;232;127;138;b_ait_boul_zhime;x
168;39;123;177;b_chelleh_nasr;x
169;45;62;164;b_kawn_lotteh;x
170;114;168;20;b_makhairabad;x
171;231;154;226;b_yariwdar;x
172;186;188;19;b_braurepios;x
173;249;16;218;b_agroeli;x
174;207;81;238;b_fallpond;x
175;162;190;232;b_bluehill;x
176;94;47;174;b_was_shulak;x
177;42;35;135;b_behbaraz;x
178;255;105;128;b_ar_quadifah;x
179;43;189;201;b_tapa;x
180;197;104;206;b_cawold;x
181;134;112;250;b_pawic;x
182;129;42;22;b_ksar_maleh;x
183;28;79;18;b_khykove;x
184;161;170;58;b_seediah;x
185;56;152;172;b_al_fuquha;x
186;26;20;150;b_iythdeh;x
187;167;162;64;b_anuw_djeret;x
188;57;165;203;b_mneedmur;x
189;61;127;77;b_varskes;x
190;145;94;29;b_al_tawazeraa;x
191;107;64;22;b_dmimitasana;x
192;91;166;131;b_slutlava;x
193;229;148;60;b_svantu;x
194;46;21;86;b_asamaankare;x
195;201;166;19;b_epesh;x
196;80;218;230;b_peredad;x
197;155;19;103;b_beshetereb;x
198;156;135;27;b_hemeselis;x
199;161;124;58;b_hies;x
200;176;68;150;b_sirabad;x
201;178;35;169;b_cours;x
202;18;39;122;b_kangazilani;x
203;119;102;15;b_durbana;x
204;38;129;188;b_staloca;x
205;185;119;32;b_syricyon;x
206;107;98;17;b_sarorog;x
207;143;145;31;b_daxios;x
208;30;113;225;b_cavousi;x
209;144;144;72;b_phasotiri;x
210;194;103;40;b_pyrgiunt;x
211;153;145;93;b_patraza;x
212;33;202;194;b_birasar;x
213;255;198;125;b_pethykloo;x
214;26;103;110;b_syahmandeb;x
215;133;99;45;b_ajka;x
216;44;79;116;b_julliene;x
217;24;32;170;b_diosoe;x
218;65;176;174;b_lebolis;x
219;79;85;189;b_theodinth;x
220;161;135;85;b_mirelavia;x
221;140;83;7;b_sozyra;x
222;92;148;96;b_lataistos;x
223;93;102;198;b_chalcyra;x
224;96;170;63;b_dascou;x
225;88;28;172;b_zaouet_mrarez;x
226;53;112;35;b_crotinth;x
227;24;114;30;b_pelyreum;x
228;26;217;217;b_lunsu;x
229;255;223;66;b_motha;x
230;252;217;78;b_nirvalore;x
231;225;196;78;b_sundaravati;x
232;255;229;93;b_jharinagar;x
233;252;208;78;b_thalivara;x
234;246;231;120;b_loramangal;x
235;255;234;132;b_pavanshira;x
236;243;229;90;b_muharekh;x
237;58;106;23;b_brascont;x
238;249;196;81;b_jimlah;x
239;193;160;41;b_batghazi;x
240;130;185;46;b_at_tabair;x
241;83;112;45;b_zabarnah;x
242;105;159;33;b_jurnah;x
243;237;20;165;b_wiceaven;x
244;75;20;80;b_ikhoios;x
245;170;185;43;b_deme;x
246;171;192;80;b_nawsbro;x
247;171;219;53;b_chitravalli;x
248;138;183;92;b_ondiyar;x
249;61;94;12;b_museideh;x
250;69;20;150;b_ioustinostha;x
251;108;59;129;b_kalyandara;x
252;60;46;149;b_sebahtiyeh;x
253;27;132;82;b_omidihkal;x
254;174;47;166;b_ed_dueili;x
255;255;189;151;b_agrardoveth;x
256;189;92;180;b_kyria;x
257;191;159;65;b_weared;x
258;232;206;59;b_vyanara;x
259;238;200;80;b_keshapura;x
260;25;45;195;b_acyes;x
261;37;46;203;b_wugheilat;x
262;15;21;115;b_winaraq;x
263;22;106;123;b_matguia;x
264;130;125;94;b_abbadilleh;x
265;23;168;17;b_forcengede;x
266;244;204;143;b_fucinelle;x
267;222;134;213;b_hals;x
268;247;221;71;b_tharalor;x
269;118;217;44;b_calran;x
270;79;99;45;b_muzerah;x
271;104;160;40;b_varnakara;x
272;51;79;11;b_mrigavana;x
273;43;189;114;b_breciex;x
274;79;22;62;b_nugriuens;x
275;39;158;124;b_suryalaya;x
276;231;141;149;b_timarhineh;x
277;219;147;92;b_kadambari;x
278;231;171;74;b_palanjora;x
279;28;21;110;b_al_fayamayn;x
280;123;31;111;b_qiza;x
281;115;72;10;b_beelcha;x
282;46;18;168;b_hyelurii;x
283;13;199;197;b_waremos;x
284;177;141;200;b_baduelzi;x
285;25;151;102;b_varahnuj;x
286;17;84;110;b_venaas_al_fetri;x
287;109;133;35;b_herebh;x
288;122;181;202;b_piralica;x
289;45;177;82;b_thralos;x
290;117;12;156;b_nuzirnah;x
291;220;85;22;b_tel_kadhiyala;x
292;115;189;201;b_al_khaldifa;x
293;40;112;122;b_zweifall;x
294;114;26;119;b_pakti;x
295;228;95;95;b_edagra;x
296;37;91;200;b_al_baliqous;x
297;107;89;169;b_sekhatitch;x
298;215;177;112;b_mabalif;x
299;173;196;139;b_kemekaya;x
300;255;231;180;b_rehnat;x
301;249;243;141;b_al_tawarimah;x
302;255;234;150;b_umm_lazhma;x
303;255;228;183;b_grostertam;x
304;252;243;135;b_dermillah;x
305;255;246;174;b_marianthos;x
306;100;75;165;b_ebranen;x
307;161;35;111;b_maurikiosnox;x
308;25;45;240;b_ithgieis;x
309;201;159;49;b_mehturch;x
310;221;159;44;b_mohanapura;x
311;214;183;44;b_tiruvanya;x
312;246;223;96;b_grenluc;x
313;193;163;44;b_sundaravai;x
314;255;193;84;b_visalaca;x
315;173;55;88;b_puspothely;x
316;99;127;202;b_al_atehr;x
317;136;83;188;b_sidi_barsh;x
318;178;36;54;b_lapippi;x
319;174;109;14;b_semessa;x
320;28;180;158;b_masfurah;x
321;47;159;49;b_hummimah;x
322;227;175;53;b_badahpur;x
323;147;77;54;b_luxia;x
324;32;77;10;b_al_bayjibar;x
325;33;194;162;b_meqshaib;x
326;180;240;196;b_taboukah;x
327;52;91;30;b_asmour;x
328;64;126;20;b_samail;x
329;105;125;70;b_kegothon;x
330;124;199;107;b_susa;x
331;111;51;51;b_boreron;x
332;186;0;207;b_sasig;x
333;180;39;39;b_tarione;x
334;156;47;47;b_naedon;x
335;22;55;63;b_qadeem;x
336;104;43;91;b_myndoe;x
337;156;166;47;b_aigopolis;x
338;70;18;85;b_rhodais;x
339;32;72;143;b_bu_mahmajer;x
340;104;44;13;b_kumanar;x
341;207;55;22;b_astatian;x
342;161;149;67;b_baurmont;x
343;191;200;42;b_thassebes;x
344;9;49;12;b_kallolis;x
345;123;213;163;b_solebes;x
346;25;177;94;b_megens;x
347;51;38;38;b_shur_bulaq;x
348;134;37;165;b_myonion;x
349;234;234;42;b_yusofabad;x
350;255;248;154;b_paheri;x
351;32;118;66;b_paparada;x
352;12;151;24;b_gfreid;x
353;100;50;245;b_sarjacann;x
354;27;104;62;b_mlimataa;x
355;181;64;18;b_rayyak;x
356;176;51;56;b_dhehli;x
357;55;142;143;b_bahforhun;x
358;115;235;221;b_perraron;x
359;75;10;50;b_zachariasnox;x
360;25;45;200;b_miralos;x
361;9;88;6;b_aerilon;x
362;25;45;185;b_symmachosdothex;x
363;116;218;149;b_drocan;x
364;119;194;75;b_caheath;x
365;143;249;67;b_beroo;x
366;90;245;32;b_vohap;x
367;244;43;162;b_nydelir;x
368;9;34;77;b_kasheret_heref;x
369;122;59;34;b_amunshurak;x
370;209;88;41;b_tayet;x
371;64;56;165;b_simel;x
372;30;239;132;b_hektet;x
373;77;180;178;b_rakkthar;x
374;103;247;13;b_amenakhre;x
375;232;15;85;b_anuw_hamaat;x
376;212;66;113;b_hamet_er_rayan;x
377;223;210;28;b_ahmosteret;x
378;75;142;28;b_hallgerd;x
379;147;170;171;b_zarrug;x
380;187;46;64;b_prievaky;x
381;63;154;133;b_khirvi;x
382;118;61;84;b_pinica;x
383;190;197;36;b_patun;x
384;125;85;206;b_prikhoessa;x
385;110;199;34;b_llanda;x
386;213;221;163;b_dasoom;x
387;75;30;140;b_andreasnox;x
388;105;125;105;b_prokopioseras;x
389;100;50;141;b_chsta;x
390;133;22;22;b_nerev;x
391;105;125;120;b_staurakiosthos;x
392;39;199;78;b_ambah;x
393;216;32;39;b_hakad;x
394;57;39;34;b_bravad;x
395;136;56;196;b_pawahat;x
396;16;74;21;b_pilvesi;x
397;81;56;49;b_askras;x
398;12;119;21;b_breskvi;x
399;25;85;70;b_andreasion;x
400;120;41;165;b_tunomah;x
401;194;140;112;b_orsmoor;x
402;186;199;35;b_trumia;x
403;164;165;69;b_usica;x
404;13;80;153;b_pallni;x
405;171;95;215;b_seliran;x
406;35;20;107;b_gholam_rostam;x
407;156;80;193;b_qatanqor;x
408;250;94;100;b_sarab_e_sar_firuzabad;x
409;216;140;51;b_siahkulian;x
410;20;198;96;b_deh_e_shahverdi_ye_olya;x
411;90;72;25;b_magaala_qaaday;x
412;179;149;73;b_kankanitivu;x
413;126;97;20;b_udubettawa;x
414;189;140;191;b_rikhak_e_bala;x
415;134;139;184;b_ghareh_aghaj;x
416;9;229;25;b_qaleh_ye_zaboli;x
417;31;174;190;b_khaft_sanduk;x
418;96;103;173;b_kas;x
419;191;211;31;b_shurab_e_olya;x
420;15;4;69;b_maen;x
421;102;95;218;b_tamtaman;x
422;218;88;165;b_nowli_bolagh;x
423;238;228;19;b_keran_e_pain;x
424;125;85;175;b_salaoe;x
425;44;207;113;b_gol_e_zard_e_veysi;x
426;153;38;107;b_lkrevni;x
427;185;22;118;b_maraki;x
428;181;124;57;b_yvkati;x
429;170;144;113;b_kokuvi;x
430;182;104;51;b_nerep;x
431;24;219;24;b_nreti;x
432;78;45;14;b_rarraf;x
433;90;183;38;b_arleth;x
434;75;20;101;b_anatoliosthos;x
435;204;100;0;b_fehi;x
436;148;27;27;b_kemlabur;x
437;78;171;12;b_cafeld;x
438;115;75;37;b_reppyil;x
439;105;125;130;b_lebedia;x
440;153;34;34;b_davbad;x
441;30;205;30;b_shrashkevi;x
442;17;98;17;b_zakki;x
443;37;63;214;b_brevhen;x
444;125;85;135;b_lofoarthex;x
445;25;45;60;b_theaeras;x
446;189;34;251;b_tlidar;x
447;194;72;111;b_beshham;x
448;30;34;214;b_tateh_ye_rashid;x
449;240;168;83;b_dastak_e_sofla;x
450;56;61;96;b_ratuk_e_bala;x
451;60;213;206;b_baltagh;x
452;161;94;58;b_galuyok;x
453;100;5;25;b_theana;x
454;178;206;185;b_alazin;x
455;21;33;99;b_fukadur;x
456;205;182;38;b_saamsina;x
457;169;184;59;b_xiloprama;x
458;102;22;101;b_mjisafi;x
459;111;123;43;b_descriv;x
460;25;125;76;b_herakleiosnox;x
461;171;219;100;b_takhtgah_e_daniali;x
462;23;189;0;b_asheh;x
463;210;132;166;b_omm_ol_ejaj;x
464;35;23;170;b_kalateh_ye_asad_khan;x
465;169;102;242;b_jolgeh_ye_khalaj_e_bala;x
466;75;236;53;b_bagh_malek;x
467;92;153;174;b_jkevra;x
468;16;39;136;b_lakerida;x
469;28;44;118;b_nerethpakath;x
470;79;26;41;b_ghasv;x
471;114;24;24;b_babad;x
472;10;46;59;b_uraku;x
473;63;74;184;b_hangisav;x
474;39;238;80;b_mast_e_bala;x
475;243;61;169;b_bumehen;x
476;57;114;108;b_serv;x
477;55;176;165;b_shamsabad;x
478;165;47;72;b_rizollonia;x
479;21;147;114;b_thermaizi;x
480;25;136;27;b_al_maqteh;x
481;97;131;29;b_kiynimat;x
482;181;88;34;b_stymphurion;x
483;75;20;100;b_lofaornos;x
484;84;149;60;b_kameirea;x
485;45;165;209;b_sehlis;x
486;20;82;15;b_crotoricus;x
487;255;69;79;b_corcana;x
488;24;85;119;b_athynthos;x
489;73;13;39;b_pebes;x
490;103;180;103;b_elamis;x
491;155;15;15;b_chaloios;x
492;20;165;202;b_bayt_maid;x
493;107;27;27;b_bouthracus;x
494;34;123;61;b_pandosthena;x
495;185;203;107;b_hus_ander_soin;x
496;182;43;143;b_patrenus;x
497;166;31;134;b_crotemita;x
498;131;36;36;b_ediae;x
499;190;133;49;b_delessa;x
500;155;65;50;b_radonic;x
501;36;63;192;b_favrbjerg;x
502;193;79;235;b_mazrutah;x
503;190;199;255;b_taneos;x
504;193;209;105;b_al_marduha;x
505;28;136;111;b_aranab;x
506;109;123;33;b_deir_al_nasim;x
507;132;41;57;b_agizdere;x
508;27;95;120;b_sadsi;x
509;74;98;47;b_abastan;x
510;18;88;172;b_surail;x
511;102;127;233;b_mitreem;x
512;71;238;117;b_rathakk;x
513;29;88;120;b_himidon;x
514;75;35;102;b_crinchi;x
515;181;133;213;b_gaya;x
516;86;222;123;b_cynosema;x
517;69;40;11;b_deceleia;x
518;38;127;46;b_longa;x
519;46;108;192;b_dyyawala;x
520;183;39;216;b_bigoand;x
521;171;174;13;b_thimhan;x
522;185;114;24;b_klintehamn;x
523;38;87;201;b_kaddpa;x
524;19;35;131;b_ballaj;x
525;143;92;30;b_igpal;x
526;64;78;14;b_methone;x
527;48;147;142;b_gonnelea;x
528;7;37;27;b_korasamy;x
529;25;45;167;b_hatheis;x
530;38;18;59;b_chulutyn;x
531;76;167;186;b_abywan;x
532;215;58;185;b_kawn_mattah;x
533;58;82;95;b_diosopus;x
534;40;215;175;b_pergymna;x
535;135;45;45;b_turayyil;x
536;111;98;173;b_wadi_thabeh;x
537;26;124;20;b_tomerna;x
538;16;136;56;b_spartalos;x
539;115;228;140;b_hiha;x
540;94;40;47;b_sure;x
541;35;202;85;b_dha_mashwari;x
542;48;125;182;b_hebetshi;x
543;44;112;27;b_nibis;x
544;52;136;23;b_lissapolis;x
545;52;139;17;b_bublais;x
546;75;5;10;b_podrogas;x
547;25;85;170;b_pelrhythus;x
548;25;45;77;b_dorotheossosi;x
549;70;39;39;b_sozatrae;x
550;14;23;78;b_massilia;x
551;106;24;170;b_polianatolpios;x
552;5;172;6;b_abarnae;x
553;73;18;18;b_himasus;x
554;20;83;15;b_thermatrea;x
555;118;15;88;b_ambylos;x
556;55;48;48;b_dust_ali;x
557;41;81;159;b_asklaion;x
558;57;225;222;b_lamonnos;x
559;48;122;42;b_mallicapaeum;x
560;174;32;32;b_zacisos;x
561;70;61;13;b_pergespontos;x
562;207;64;135;b_himastro;x
563;31;80;177;b_artos;x
564;149;25;25;b_gamnus;x
565;146;68;165;b_ellawala;x
566;163;30;195;b_pelpola;x
567;65;28;74;b_beruwala;x
568;20;44;139;b_secerdur;x
569;36;125;183;b_crashkun;x
570;75;15;71;b_alexeiapolis;x
571;21;31;87;b_phahak;x
572;59;58;8;b_fgarfis;x
573;105;125;238;b_sakynryns;x
574;45;139;23;b_bartulci;x
575;10;69;78;b_deredur;x
576;2;143;196;b_mravgrat;x
577;250;162;78;b_pefsika;x
578;25;135;153;b_dekreiven;x
579;100;85;41;b_eracnes;x
580;122;33;33;b_oguraf;x
581;236;4;163;b_gala;x
582;24;199;26;b_laburh;x
583;208;33;33;b_feklabbur;x
584;25;125;15;b_philipposna;x
585;100;50;140;b_ioannikiosntha;x
586;81;32;110;b_yenba;x
587;154;76;35;b_jancastle;x
588;217;121;71;b_starrybeach;x
589;131;147;202;b_sazvk;x
590;91;9;9;b_pravhad;x
591;66;102;115;b_scipravac;x
592;13;109;145;b_hahyrst;x
593;77;136;221;b_gluel;x
594;24;245;39;b_taburh;x
595;15;58;247;b_rosica;x
596;59;235;191;b_warcester;x
597;143;107;145;b_sloupy;x
598;123;105;126;b_kulsev;x
599;35;111;7;b_pefalls;x
600;194;181;239;b_monterna;x
601;79;186;58;b_kis_uzloriysk;x
602;223;125;203;b_khoyag;x
603;20;179;200;b_faklog;x
604;252;168;38;b_sinosensk;x
605;88;140;249;b_nik_uzloriysk;x
606;229;142;155;b_podtva;x
607;63;250;37;b_suymichni;x
608;51;26;48;b_yerillans;x
609;253;239;234;b_micsechkin;x
610;134;153;252;b_zalrna;x
611;9;229;85;b_orthorp;x
612;82;233;61;b_tabriasa;x
613;151;118;212;b_cabrycg;x
614;52;173;79;b_villa;x
615;218;27;252;b_oriliel;x
616;87;211;199;b_svobkin;x
617;137;80;254;b_marichaj;x
618;219;54;108;b_sto_yyachavo;x
619;47;199;104;b_leley;x
620;28;175;91;b_gluoye;x
621;223;14;68;b_kurvordno;x
622;158;11;213;b_ratkiy;x
623;158;179;96;b_sinkta;x
624;218;251;37;b_tugaino;x
625;208;241;159;b_schav;x
626;134;126;229;b_songhin;x
627;150;158;84;b_bolgrovo;x
628;252;131;219;b_zimubn;x
629;249;162;137;b_vlaeznonyev;x
630;45;128;41;b_medaci;x
631;131;75;196;b_sasovac;x
632;154;51;37;b_zilma;x
633;194;221;14;b_summerspell;x
634;150;178;130;b_segius;x
635;136;51;249;b_dralphyepyle;x
636;9;104;252;b_kibrichyn;x
637;106;135;253;b_niziye;x
638;137;23;32;b_lenent;x
639;220;159;231;b_forges_of_the_vile_succubus;x
640;164;119;117;b_quarters_of_the_spirits_priest;x
641;41;117;67;b_thirenia;x
642;219;109;162;b_tiztovo;x
643;124;254;204;b_kaziya;x
644;182;217;12;b_erilatrem;x
645;138;213;81;b_vololsk;x
646;171;225;25;b_tsa_yegobirsk;x
647;216;99;139;b_vorker;x
648;45;180;24;b_kirsechkin;x
649;162;108;122;b_uledrider;x
650;214;47;0;b_ustasgay;x
651;160;149;215;b_oze_vachyy;x
652;86;86;120;b_kur_yyachavo;x
653;115;217;49;b_stuakh;x
654;47;181;219;b_slorichyn;x
655;211;130;4;b_posara;x
656;86;101;215;b_vertvo;x
657;163;176;3;b_yendawiel;x
658;12;6;177;b_polvelovo;x
659;246;98;187;b_vyaker;x
660;35;22;46;b_kolhachny;x
661;232;251;157;b_lom_sovo;x
662;7;226;238;b_varen;x
663;117;217;244;b_prukornzy;x
664;109;37;106;b_onael;x
665;153;252;136;b_vyyasaevo;x
666;206;20;211;b_zeierg;x
667;181;243;191;b_linoda;x
668;136;49;68;b_brightmarble;x
669;133;52;228;b_shioky;x
670;87;201;82;b_sofkushin;x
671;227;32;175;b_lotrotum;x
672;105;125;74;b_asoro;x
673;105;125;29;b_tolych;x
674;105;125;189;b_sirrichs_crossing;x
675;210;105;133;b_oldham;x
676;76;167;134;b_moorhollow;x
677;177;180;146;b_tikhino;x
678;147;240;0;b_usteva;x
679;102;183;238;b_whitedell;x
680;188;194;225;b_steeford;x
681;122;248;77;b_podysa;x
682;30;192;81;b_igngretzyn;x
683;131;20;236;b_hellonde;x
684;100;168;42;b_styrny;x
685;185;35;38;b_zaethiel;x
686;26;0;34;b_zamnka;x
687;141;113;44;b_lenaur;x
688;83;148;240;b_kapowzo;x
689;18;190;188;b_pavpovets;x
690;96;173;2;b_segovina;x
691;27;20;40;b_pantelis;x
692;163;238;38;b_izorki;x
693;73;190;16;b_larbor;x
694;154;72;6;b_sin_sovo;x
695;116;245;182;b_onarewyth;x
696;187;187;128;b_srekhi;x
697;128;59;192;b_tikhaco;x
698;123;29;182;b_yergrozny;x
699;231;23;90;b_chiske;x
700;21;235;29;b_trooye;x
701;228;6;73;b_proeb;x
702;43;90;161;b_maroviskeyvo;x
703;182;82;23;b_nakhyar;x
704;6;135;186;b_wonna;x
705;120;165;106;b_tinvuy;x
706;181;164;0;b_kliachnavy;x
707;96;248;42;b_unaleswen;x
708;228;112;88;b_khuvuy;x
709;62;182;0;b_volsha;x
710;20;26;219;b_tizoviskeyvo;x
711;157;91;80;b_songuzy;x
712;65;156;226;b_shaerra;x
713;189;213;20;b_mussa;x
714;130;236;12;b_xar_rybibyshevsk;x
715;248;4;142;b_don_katradd;x
716;169;90;162;b_gussechkin;x
717;176;89;177;b_aku_duchesna;x
718;151;231;165;b_wahchi;x
719;30;99;131;b_bedwistr;x
720;208;218;95;b_storozny;x
721;234;131;161;b_zilmachesnay;x
722;87;155;99;b_qedrilith;x
723;110;215;109;b_fedhachny;x
724;118;62;168;b_pruorom;x
725;41;39;56;b_bhaggana;x
726;237;40;48;b_gnigrovo;x
727;51;239;17;b_pod_lyatvo;x
728;66;69;117;b_vasaschevny;x
729;61;55;97;b_myric;x
730;109;223;39;b_ulayder;x
731;98;217;209;b_pavova;x
732;160;61;227;b_lyubrka;x
733;92;148;104;b_novorom;x
734;51;138;166;b_yelevo;x
735;179;121;76;b_pedrild;x
736;129;100;78;b_ger_krozeny;x
737;205;198;88;b_nekike;x
738;133;205;174;b_hiath;x
739;22;81;194;b_chiole;x
740;68;108;193;b_vortsy;x
741;118;3;105;b_zalrad;x
742;60;179;158;b_severidus;x
743;228;101;102;b_zamsovo;x
744;107;81;56;b_leonna;x
745;133;186;35;b_klichi;x
746;169;69;130;b_rudyno;x
747;81;119;151;b_watercastle;x
748;217;109;98;b_vlahar;x
749;231;27;176;b_shatrachnia;x
750;91;136;158;b_yuryak;x
751;58;141;184;b_pav_machnio;x
752;72;8;203;b_krahka;x
753;132;116;239;b_ogugretzyn;x
754;148;113;191;b_bysatraddia;x
755;249;253;67;b_pavkta;x
756;254;151;83;b_zelinnon;x
757;104;47;211;b_stoika;x
758;144;241;185;b_onilimas;x
759;90;110;9;b_nahy;x
760;44;238;232;b_khuvli;x
761;107;179;0;b_taford;x
762;197;115;145;b_zim_novoagansk;x
763;45;13;105;b_manyal;x
764;26;99;18;b_korm;x
765;5;20;150;b_vrebooe;x
766;79;226;33;b_usah;x
767;243;155;22;b_ryzolsk;x
768;109;179;234;b_tattrachnia;x
769;246;243;246;b_kratsa;x
770;47;109;241;b_springgriffin;x
771;164;82;128;b_yartovo;x
772;142;216;96;b_tisvordno;x
773;19;156;173;b_kirrak;x
774;100;20;150;b_zayridika;x
775;33;167;59;b_rimpasny;x
776;10;12;30;b_lochlake;x
777;178;19;65;b_odnavna;x
778;9;48;191;b_seash;x
779;240;74;42;b_onens;x
780;130;128;237;b_totabreo;x
781;113;126;168;b_tahuesco;x
782;117;171;200;b_skrpin;x
783;204;223;42;b_pobvce;x
784;20;20;150;b_karr;x
785;122;184;154;b_wafield;x
786;160;207;11;b_pivsovo;x
787;18;230;126;b_trupova;x
788;116;130;204;b_dol_archno;x
789;82;0;77;b_chiyno;x
790;124;221;63;b_zalow;x
791;203;192;126;b_malhin;x
792;58;70;122;b_gusvecny;x
793;187;114;242;b_podisni;x
794;197;195;82;b_oguazcazynevo;x
795;154;6;63;b_drevkha;x
796;104;144;101;b_malakovo;x
797;204;44;211;b_olopa;x
798;184;110;146;b_sinolsk;x
799;129;232;167;b_welig;x
800;87;219;145;b_karsovo;x
801;140;99;176;b_yekaoviskeyvo;x
802;104;53;144;b_tikh_kryturynisk;x
803;155;50;24;b_uliloth;x
804;187;233;29;b_giebwyn;x
805;10;192;191;b_ybirellan;x
806;250;216;153;b_olardowyn;x
807;215;246;252;b_tac_mochendy;x
808;198;134;52;b_unirari;x
809;175;41;177;b_pendadan;x
810;26;169;201;b_zarrli;x
811;34;78;28;b_manod;x
812;204;168;228;b_velkan;x
813;208;243;110;b_millley;x
814;59;139;158;b_yekache;x
815;141;100;158;b_spellmarsh;x
816;232;34;113;b_nonuum;x
817;186;66;187;b_myrne;x
818;15;42;140;b_sreaschevny;x
819;19;47;243;b_ilkitash;x
820;73;10;127;b_bromachesnay;x
821;78;239;148;b_stooke;x
822;199;60;42;b_podvca;x
823;216;49;184;b_shenov;x
824;175;44;27;b_sangusu;x
825;220;2;25;b_gorat;x
826;132;150;19;b_zamopul;x
827;20;63;108;b_ypamlwch;x
828;78;59;81;b_mal_masno;x
829;75;88;140;b_ros_novoagansk;x
830;250;114;14;b_yervlyny;x
831;19;247;86;b_zomgretzyn;x
832;115;142;66;b_kobrna;x
833;226;212;55;b_verino;x
834;18;6;21;b_zalazcazynevo;x
835;218;76;74;b_zyrevo;x
836;89;243;197;b_inas;x
837;177;54;84;b_mata;x
838;116;24;46;b_greylake;x
839;168;245;60;b_seadell;x
840;28;39;165;b_dmibor;x
841;194;4;138;b_tem_novoagansk;x
842;185;30;147;b_springlake;x
843;159;35;111;b_nikbor;x
844;157;242;144;b_vranjesi;x
845;128;84;189;b_chirixitzul;x
846;158;27;253;b_ignolm;x
847;138;158;189;b_tikhmachesnay;x
848;95;204;39;b_marblemeadow;x
849;164;73;33;b_pwllhesdy;x
850;74;83;20;b_simovy;x
851;49;164;170;b_tyapasny;x
852;65;57;19;b_sanda;x
853;42;44;135;b_joutseno;x
854;162;141;143;b_tistrachnia;x
855;60;178;170;b_teley;x
856;212;87;217;b_suy_pocho;x
857;215;128;158;b_manda;x
858;219;221;87;b_matu;x
859;197;88;105;b_kenchra;x
860;143;7;119;b_vorasolovo;x
861;14;210;54;b_pod_mochendy;x
862;229;78;21;b_yboima;x
863;151;239;36;b_tiztra;x
864;62;190;4;b_sotgrozny;x
865;224;255;219;b_pratva;x
866;118;161;200;b_xarlog;x
867;163;114;30;b_zeriwiel;x
868;213;202;241;b_siered;x
869;22;106;18;b_sidu;x
870;98;50;116;b_kobrli;x
871;163;127;14;b_neveh;x
872;122;164;88;b_razzaks_hall;x
873;215;61;163;b_usar;x
874;205;236;8;b_chi_yyachavo;x
875;3;131;59;b_yanmenovo;x
876;166;244;8;b_ibedribaen;x
877;169;214;65;b_kocazcazynevo;x
878;3;129;248;b_yerara;x
879;53;14;236;b_nendatlan;x
880;6;183;197;b_ol_smorbent;x
881;112;238;239;b_anaroski;x
882;59;101;113;b_kobyno;x
883;221;92;203;b_novala;x
884;23;213;0;b_boraky;x
885;131;229;243;b_rat_yyachavo;x
886;239;103;244;b_woodwell;x
887;71;225;33;b_vag_kryturynisk;x
888;167;88;146;b_yursolvo;x
889;34;188;204;b_novkornzy;x
890;153;125;210;b_somowni;x
891;1;20;228;b_perowzo;x
892;72;182;155;b_jerendacan;x
893;96;104;70;b_praerg;x
894;253;91;158;b_mateca;x
895;73;51;194;b_krunna;x
896;217;89;49;b_unnad;x
897;75;143;75;b_weotun;x
898;53;29;32;b_sharre;x
899;147;243;59;b_kulnne;x
900;252;12;205;b_farhollow;x
901;242;97;6;b_shc_mochendy;x
902;186;137;207;b_syz_yegobirsk;x
903;18;87;36;b_waybury;x
904;162;158;108;b_bolaschevny;x
905;187;33;1;b_sharri;x
906;209;201;220;b_siman;x
907;21;232;2;b_sosia;x
908;248;39;222;b_xellius;x
909;39;54;198;b_canthi;x
910;140;89;125;b_gerkin;x
911;230;223;7;b_tetav;x
912;90;98;219;b_uthash;x
913;110;243;202;b_snestead;x
914;165;39;158;b_apphooe;x
915;224;228;186;b_demkhi;x
916;195;215;85;b_mara;x
917;95;246;248;b_cheggwik;x
918;196;77;31;b_eaddwold;x
919;214;242;56;b_pontia;x
920;96;84;243;b_izoava;x
921;196;34;209;b_yekadol;x
922;179;85;17;b_vaghar;x
923;110;115;237;b_kuzachnavy;x
924;147;53;2;b_miriaviel;x
925;70;50;232;b_pivych;x
926;52;8;122;b_tizhar;x
927;235;79;35;b_yelyar;x
928;243;111;175;b_simgrovo;x
929;91;22;95;b_valhurst;x
930;142;44;17;b_stunna;x
931;77;234;1;b_podackhy;x
932;23;45;183;b_shcsta;x
933;70;243;215;b_lloesy;x
934;155;144;72;b_zaloye;x
935;168;94;90;b_tolyovo;x
936;91;166;55;b_wicelikin;x
937;134;178;57;b_sevaymas;x
938;118;64;111;b_pav_motovo;x
939;111;125;14;b_wheatmeadow;x
940;172;217;12;b_pavsta;x
941;167;79;21;b_slograzny;x
942;7;218;20;b_roslgrad;x
943;237;230;191;b_summerwitch;x
944;155;82;18;b_thaleg;x
945;31;81;142;b_ustche;x
946;10;199;229;b_dudakh;x
947;5;52;218;b_gwetrem;x
948;86;36;77;b_waynna;x
949;150;177;30;b_penyth;x
950;179;36;150;b_lenkov;x
951;146;135;242;b_shaany;x
952;73;76;152;b_uryrozny;x
953;30;35;167;b_shadestone;x
954;74;54;232;b_imperial_quarter;x
955;252;197;229;b_lowglacier;x
956;249;119;121;b_blackstair_deep;x
957;70;208;20;b_spiderstep;x
958;107;152;187;b_durdoturguis_heaven;x
959;29;110;57;b_greycar;x
960;22;196;53;b_godroom;x
961;187;122;108;b_bloody_door;x
962;113;40;38;b_ayyantheon_ixxis;x
963;68;11;170;b_pedrissian_halls;x
964;138;119;43;b_soulblight_altar;x
965;159;101;165;b_golemgate;x
966;28;3;182;b_orbianan_abyss;x
967;232;102;141;b_abzu;x
968;62;76;185;b_everfall_rapids;x
969;131;42;134;b_great_grulars;x
970;139;118;112;b_gap_of_the_gods;x
971;194;103;44;b_bandecas_crypt;x
972;73;50;88;b_old_vestige;x
973;29;73;45;b_demonbreakers_hold;x
974;234;154;39;b_crying_occult;x
975;192;27;37;b_longblows_coterie;x
976;236;180;43;b_crors_vault;x
977;68;49;79;b_cutters_cry;x
978;151;90;193;b_oldden;x
979;208;54;73;b_grotto_of_the_golden_martyrs;x
980;216;86;24;b_naths_cave;x
981;113;23;23;b_spiders_pass;x
982;152;254;214;b_grottomarch;x
983;78;157;129;b_skrallaviax_ozzur;x
984;189;187;181;b_unknown_road;x
985;122;51;150;b_spiderfall;x
986;12;157;25;b_shadowdelve;x
987;28;212;192;b_ledons_den;x
988;1;192;68;b_raodith;x
989;117;94;18;b_the_reef_of_hyrcanius;x
990;182;243;87;b_shisui_of_the_violet_tides;x
991;244;68;223;b_eggsea;x
992;173;90;182;b_misty_watch;x
993;186;4;245;b_lost_catacomb;x
994;68;204;168;b_pointless_nothing;x
995;113;248;217;b_cave_of_sorcerous_burials;x
996;60;54;9;b_brigiir;x
997;150;162;35;b_guard_hole;x
998;32;93;98;b_terrible_shadow;x
999;109;206;60;b_neglected_cavernway;x
1000;171;206;60;b_twistbone_cave;x
1001;205;102;79;b_destroyers_gap;x
1002;195;121;8;b_underdragons_rest;x
1003;143;125;27;b_tne_anhkheg;x
1004;219;226;12;b_lava_grave;x
1005;27;66;216;b_goldcave_hollow;x
1006;138;184;243;b_skittering_cave;x
1007;139;105;211;b_enigmatic_cave;x
1008;210;138;131;b_shiverpass;x
1009;222;216;31;b_flintgrove;x
1010;49;125;152;b_highiron;x
1011;104;119;150;b_uyrggarn;x
1012;219;23;225;b_lost_vault;x
1013;168;60;191;b_bleakwhisper_hideaway;x
1014;211;75;75;b_rurggwek;x
1015;141;233;106;b_sandos_camp;x
1016;211;74;60;b_the_menhirs;x
1017;186;176;148;b_gasgap;x
1018;129;221;154;b_dark_wall;x
1019;70;241;131;b_bonepits;x
1020;32;64;128;b_cragwalk;x
1021;148;154;111;b_ghostwatch;x
1022;80;153;252;b_esas_garden;x
1023;172;64;243;b_dark_expanse;x
1024;124;117;146;b_underbridge_cave;x
1025;171;131;108;b_shadewept_cave;x
1026;115;3;126;b_seductive_watch;x
1027;121;162;221;b_crocutas_sage;x
1028;48;31;94;b_wivering_hollow;x
1029;63;51;194;b_igars_chasm;x
1030;142;114;26;b_secret_cove;x
1031;148;177;42;b_new_mayik_prov_51;x
1032;138;137;77;b_wetrock;x
1033;186;36;202;b_nixans_folly;x
1034;57;121;27;b_leaky_gap;x
1035;194;237;157;b_waterstep;x
1036;118;43;126;b_watergrave_falls;x
1037;19;91;89;b_glowwater;x
1038;17;70;133;b_littlecove;x
1039;218;242;217;b_watery_rest;x
1040;52;171;164;b_crabbers_grave;x
1041;228;215;92;b_undersea_watch;x
1042;10;246;97;b_shadowdock;x
1043;96;2;65;b_shipslayed_tower;x
1044;202;150;93;b_craftkilled_chamber;x
1045;72;80;133;b_seagate_watch;x
1046;144;56;96;b_echoing_road;x
1047;108;62;176;b_broken_door;x
1048;34;214;189;b_fishwatch_cave;x
1049;54;103;49;b_fungal_crevice;x
1050;100;227;183;b_fishmans_grove;x
1051;42;39;13;b_watergap;x
1052;171;141;10;b_broken_cave;x
1053;59;6;234;b_mythic_chamber;x
1054;158;41;10;b_undersea_gate;x
1055;132;73;27;b_watery_circle;x
1056;207;153;191;b_zikkuruabalu;x
1057;82;180;73;b_sazzagum;x
1058;62;114;57;b_scalepath;x
1059;147;234;115;b_waterrest;x
1060;153;193;116;b_craggy_gloom;x
1061;237;87;246;b_big_isle_under_the_road;x
1062;185;144;47;b_little_isle_under_the_road;x
1063;67;235;71;b_oversea_pass;x
1064;115;220;22;b_virabbs_beach;x
1065;96;193;2;b_highcove;x
1066;251;63;160;b_watergem_cove;x
1067;190;38;209;b_tube;x
1068;129;37;169;b_sisluice;x
1069;203;23;183;b_blindwater_row;x
1070;102;16;16;b_crooked_keep;x
1071;162;20;139;b_varoxiate;x
1072;213;199;61;b_drainway;x
1073;99;1;2;b_blackspring;x
1074;24;138;111;b_eager_acolytes_bridge;x
1075;113;205;177;b_bluecap_grove;x
1076;162;177;1;b_shadewater_watch;x
1077;42;178;15;b_pathheart_cove;x
1078;79;27;132;b_bastione-under-the-sea;x
1079;48;98;63;b_shadebridge;x
1080;106;98;49;b_twistroad_cave;x
1081;72;202;111;b_shadeshore_gap;x
1082;150;79;253;b_saltcave;x
1083;166;94;39;b_blinkblight;x
1084;188;96;151;b_blackpost;x
1085;188;31;141;b_cave_of_the_salamanders;x
1086;200;185;186;b_tiny_vault;x
1087;32;231;233;b_fends;x
1088;55;97;158;b_beastmans_dolmen;x
1089;244;59;150;b_emerald_forest;x
1090;186;123;32;b_great_green_cave;x
1091;232;197;2;b_windwater_ridge;x
1092;69;27;19;b_gemmy_gap;x
1093;235;125;169;b_greencave_cove;x
1094;135;166;173;b_cardrams_chasm;x
1095;62;145;16;b_cursemasters_folly;x
1096;96;214;155;b_old_slaves_ridge;x
1097;253;228;221;b_smokeriver;x
1098;136;20;199;b_greynest;x
1099;166;90;161;b_dezzildrop;x
1100;228;70;71;b_echoing_passage;x
1101;131;149;185;b_cave_of_the_obsidian_warrior;x
1102;212;50;84;b_haethixor;x
1103;208;133;143;b_lonely_road;x
1104;127;196;129;b_broken_pass;x
1105;150;239;131;b_closed_gate;x
1106;59;71;25;b_lost_bunker;x
1107;35;215;63;b_findelies_road;x
1108;125;219;224;b_twinwater_cavern;x
1109;184;242;253;b_midstep_dungeon;x
1110;33;47;108;b_shamblers_cave;x
1111;154;176;194;b_winding_subterrane;x
1112;235;87;38;b_venetian_circle;x
1113;9;71;75;b_the_twinning;x
1114;59;79;3;b_the_silver_caverns;x
1115;8;177;85;b_labyrinth_of_the_thunder_basilisk;x
1116;177;95;8;b_the_nexus_of_harmonia;x
1117;218;105;67;b_ingergar_sanctuary;x
1118;158;63;31;b_the_daydream_dungeon;x
1119;177;50;8;b_the_unwelcoming_cave;x
1120;22;98;11;b_lair_of_the_nightmare_hound;x
1121;98;230;80;b_votwick_cave;x
1122;95;107;46;b_grand_gauntlet_of_the_enshrined_overlord;x
1123;129;158;9;b_the_overhanging_delves;x
1124;53;38;19;b_the_illusion_point;x
1125;12;48;95;b_bloody_corridors_of_the_orc_tyrant;x
1126;158;65;184;b_the_charnel_confines_of_acrisius;x
1127;131;132;29;b_dungeon_of_the_obsidian_desert;x
1128;18;110;9;b_the_distorted_arsenals;x
1129;42;123;229;b_the_echoing_shipwrecks_of_the_hell_spawn;x
1130;26;149;177;b_oelvuresi;x
1131;136;164;56;b_varminstars_grotto;x
1132;79;101;15;b_the_bellowing_chasm;x
1133;143;181;32;b_mandelkas_shadow;x
1134;25;86;15;b_varensons_caverns;x
1135;157;67;37;b_outer_gate_of_the_gods;x
1136;184;149;223;b_sourath_great_passage;x
1137;10;150;134;b_blacktide_haunt;x
1138;75;196;183;b_overqueens_watch;x
1139;133;209;215;b_sohr_khai;x
1140;9;67;52;b_the_gossamered_sepulcher_of_sifridus_the_resplendent;x
1141;69;15;75;b_golem_lair;x
1142;105;79;41;b_the_scarlet_tombs;x
1143;182;62;216;b_dunecrown_depot;x
1144;135;45;159;b_the_salt_necropolis_of_the_grue_dominion;x
1145;22;92;16;b_airless_loge;x
1146;91;242;78;b_twilmar_shelter;x
1147;44;99;112;b_the_viridian_crucible_of_discordia;x
1148;46;5;58;b_dark_slate_cave;x
1149;23;135;162;b_painted_ancient;x
1150;20;187;199;b_grulars_grotto;x
1151;123;136;64;b_squarey_cave;x
1152;179;210;32;b_coldfingers;x
1153;92;110;7;b_spiritpass;x
1154;32;210;87;b_ghasts_pass;x
1155;19;4;42;b_wooden_burial;x
1156;29;63;15;b_lienn;x
1157;96;30;197;b_kepski;x
1158;141;80;215;b_wiahow;x
1159;120;113;61;b_undergods_crossing;x
1160;72;72;1;b_lowrun;x
1161;247;13;18;b_windrun;x
1162;20;175;187;b_zywica;x
1163;71;90;7;b_zieosc_zki;x
1164;100;14;84;b_zarkie;x
1165;22;103;42;b_jasska;x
1166;53;14;100;b_grento_den;x
1167;68;111;24;b_wadi_tarhunah;x
1168;147;146;36;b_jumaiuhneh;x
1169;111;64;24;b_wadi_ubayyeh;x
1170;17;35;85;b_ybdeh;x
1171;203;68;68;b_sumasmeh;x
1172;19;69;57;b_ridakalla;x
1173;41;86;75;b_tall_miqdahok;x
1174;229;56;126;b_abazhlah;x
1175;93;82;188;b_howwarah;x
1176;31;47;140;b_naqalim;x
1177;147;122;16;b_baydath_kuhrmah;x
1178;38;160;77;b_limaler;x
1179;43;152;79;b_varanrud;x
1180;181;223;108;b_khaltash_nazan;x
1181;5;79;4;b_yashden;x
1182;198;13;168;b_damaraj;x
1183;42;100;14;b_geyiborlu;x
1184;23;138;148;b_mayaliha;x
1185;94;91;186;b_boradoab;x
1186;19;93;160;b_menba;x
1187;149;68;68;b_al_mukabischa;x
1188;106;114;190;b_metlazis;x
1189;51;194;103;b_zalal;x
1190;178;33;198;b_kaduqdurman;x
1191;64;188;5;b_badeceli;x
1192;68;101;210;b_qamsalard;x
1193;151;145;61;b_sumurut;x
1194;42;72;189;b_thatan;x
1195;136;127;184;b_arayah;x
1196;186;189;89;b_jarin;x
1197;13;30;135;b_taghouat;x
1198;54;188;179;b_marmalica;x
1199;97;205;29;b_oesca;x
1200;46;14;77;b_jilif;x
1201;171;184;80;b_sebindik;x
1202;175;0;214;b_misratha;x
1203;216;111;219;b_silverston;x
1204;153;90;24;b_lenermansk;x
1205;108;95;15;b_kosynthus;x
1206;115;101;14;b_phaneusis;x
1207;192;182;125;b_clazoinion;x
1208;245;198;148;b_fieloth;x
1209;93;180;24;b_ybaoni;x
1210;100;88;11;b_phaneos;x
1211;160;148;68;b_chiritis;x
1212;198;14;127;b_dripos;x
1213;6;134;136;b_pollontos;x
1214;157;25;34;b_patretrias;x
1215;215;199;91;b_nirena;x
1216;34;76;77;b_maschaepoli;x
1217;75;30;131;b_konstantiasosi;x
1218;180;90;102;b_werlsgruen;x
1219;40;140;47;b_salope;x
1220;59;12;12;b_pixidnae;x
1221;24;173;34;b_byzoezen;x
1222;45;16;125;b_samuelntha;x
1223;255;212;33;b_saveia;x
1224;146;198;198;b_zaranion;x
1225;44;114;153;b_ablechanae;x
1226;34;89;106;b_pisini;x
1227;255;222;115;b_ologon;x
1228;71;210;52;b_agrinio;x
1229;116;34;34;b_argetri;x
1230;61;8;13;b_semoveia;x
1231;59;24;90;b_lampsissos;x
1232;128;90;69;b_olnos;x
1233;155;26;18;b_polis_tharson;x
1234;24;133;125;b_barachos;x
1235;127;28;46;b_scidride;x
1236;131;19;12;b_pharea;x
1237;197;59;49;b_amolgi;x
1238;202;169;73;b_vitan;x
1239;27;81;19;b_preza;x
1240;91;86;9;b_melschede;x
1241;123;92;214;b_oeseigive;x
1242;173;13;141;b_pharippi;x
1243;23;33;129;b_mochlio;x
1244;201;80;177;b_taratrae;x
1245;188;17;154;b_methide;x
1246;44;174;100;b_hyblicyon;x
1247;168;81;42;b_mozolov;x
1248;160;200;89;b_trobni_dol;x
1249;83;99;194;b_breidfeld;x
1250;190;95;46;b_komenus;x
1251;86;96;38;b_zatec;x
1252;90;29;114;b_tanai;x
1253;119;71;45;b_savca;x
1254;25;69;18;b_koniarovce;x
1255;30;70;196;b_drinckelt;x
1256;166;44;44;b_rhecathon;x
1257;110;68;14;b_pojbuky;x
1258;87;148;34;b_tedia;x
1259;186;40;128;b_oeones;x
1260;39;117;185;b_valeriosion;x
1261;181;102;40;b_theodorathos;x
1262;43;129;170;b_kamarekion;x
1263;28;177;180;b_leflenes;x
1264;100;80;124;b_fonsau;x
1265;17;119;38;b_pole;x
1266;45;150;159;b_morgarnae;x
1267;24;77;127;b_selendos;x
1268;169;92;68;b_vierhausl;x
1269;213;114;28;b_the_arnaz;x
1270;15;128;111;b_haaucia;x
1271;19;91;83;b_edaewiel;x
1272;20;208;149;b_aelaeum;x
1273;87;253;40;b_zarsha;x
1274;36;141;114;b_elkhota;x
1275;64;233;189;b_paecete;x
1276;7;63;50;b_krassa;x
1277;208;136;68;b_taham;x
1278;126;145;37;b_botenwald;x
1279;131;41;186;b_tarra;x
1280;42;178;211;b_thril;x
1281;158;161;53;b_altenschlag;x
1282;17;53;83;b_demoor;x
1283;244;205;107;b_ogong;x
1284;46;70;139;b_waldheim;x
1285;143;136;42;b_hollenfels;x
1286;196;126;218;b_ad_beershi;x
1287;133;153;190;b_danarcei_karthulaen;x
1288;172;244;157;b_beefalls;x
1289;185;28;7;b_menione;x
1290;71;18;59;b_olyntharnacia;x
1291;22;71;18;b_bylleus;x
1292;17;52;124;b_zanclina;x
1293;36;160;26;b_latetus;x
1294;47;90;176;b_dymidos;x
1295;8;83;83;b_patragoria;x
1296;77;19;15;b_pixippi;x
1297;206;55;44;b_myregion;x
1298;26;137;19;b_phasonia;x
1299;54;136;48;b_sybydna;x
1300;38;147;40;b_piniki;x
1301;12;124;13;b_akrinope;x
1302;100;65;32;b_kalecois;x
1303;21;123;55;b_asiupoli;x
1304;213;142;51;b_abysos;x
1305;55;198;111;b_chaon;x
1306;100;82;21;b_coleleum;x
1307;34;179;180;b_olbela;x
1308;50;118;73;b_taneion;x
1309;13;110;110;b_acyria;x
1310;162;133;22;b_ioannana;x
1311;57;160;97;b_spaopryns;x
1312;137;14;102;b_golgelea;x
1313;150;83;194;b_byzarnacia;x
1314;16;143;143;b_lampselis;x
1315;85;126;230;b_halieis;x
1316;68;112;226;b_hemeroscopeum;x
1317;78;68;33;b_innokentiosthos;x
1318;239;133;203;b_malia;x
1319;69;147;219;b_kosmas;x
1320;44;173;55;b_lefcandi;x
1321;54;67;8;b_miletus;x
1322;21;127;57;b_peiramum;x
1323;198;23;23;b_pydnedon;x
1324;40;100;99;b_leibonia;x
1325;96;200;143;b_amphicyon;x
1326;120;200;96;b_giunt;x
1327;118;24;70;b_elatens;x
1328;138;118;26;b_thoukine;x
1329;165;197;18;b_mochlezus;x
1330;129;112;18;b_gelamahos;x
1331;19;168;147;b_hemontos;x
1332;63;95;17;b_zaolres;x
1333;165;20;52;b_tibtachech;x
1334;69;170;153;b_ad_dahar;x
1335;223;172;108;b_ba_mukhamir;x
1336;41;155;65;b_qazvind;x
1337;32;176;139;b_bouka;x
1338;71;137;128;b_moksen;x
1339;158;210;55;b_fashar;x
1340;44;150;177;b_al_hajmah;x
1341;161;38;59;b_tacna;x
1342;81;28;120;b_qadeinura;x
1343;39;176;28;b_dawwar_goungla;x
1344;41;69;145;b_saikhel;x
1345;49;75;5;b_bolaq;x
1346;193;76;76;b_paysh_kowtali;x
1347;14;58;23;b_balohreza;x
1348;24;62;128;b_tel_hadiyji;x
1349;140;125;49;b_hermobarya;x
1350;215;14;50;b_el_mahawah;x
1351;92;25;25;b_olyios;x
1352;105;201;47;b_sabar;x
1353;210;167;20;b_thoutis;x
1354;44;30;161;b_nebiokli;x
1355;75;22;106;b_altirsamba;x
1356;76;125;95;b_androlgi;x
1357;184;162;62;b_papus;x
1358;128;19;77;b_diydah;x
1359;196;195;71;b_the_imperial_rows;x
1360;119;127;255;b_mayikprolollan_sto_spectronathas;x
1361;26;44;132;b_haefothos;x
1362;139;58;16;b_steinheim;x
1363;94;23;38;b_jurlosta;x
1364;68;139;198;b_aleden;x
1365;16;35;185;b_askarstyz;x
1366;27;84;89;b_kongeskov;x
1367;115;50;21;b_keflagerthi;x
1368;79;120;157;b_stegertsau;x
1369;124;134;255;b_ralamae;x
1370;106;44;11;b_fosheim;x
1371;124;16;39;b_brella;x
1372;116;126;255;b_vilra;x
1373;169;82;31;b_pinia;x
1374;27;83;79;b_seponessa;x
1375;211;27;61;b_kurena;x
1376;23;112;75;b_husaras;x
1377;21;89;60;b_kaspori;x
1378;214;40;40;b_valiox;x
1379;108;98;25;b_geioia;x
1380;87;54;10;b_odosthena;x
1381;96;59;9;b_askaki;x
1382;35;172;27;b_posocaea;x
1383;115;71;13;b_olynthidos;x
1384;128;140;77;b_mariatha;x
1385;186;189;14;b_doragra;x
1386;13;44;115;b_latateia;x
1387;65;193;187;b_tylissomnos;x
1388;11;48;133;b_pydnetra;x
1389;73;163;181;b_agathe;x
1390;177;53;57;b_arginusae;x
1391;22;35;169;b_callatis;x
1392;183;100;192;b_kallinikossosi;x
1393;18;98;40;b_cyrene;x
1394;211;173;137;b_epideum;x
1395;145;20;20;b_pharsalos;x
1396;121;25;63;b_akeca;x
1397;30;61;137;b_adkees;x
1398;178;106;34;b_solon;x
1399;132;44;28;b_eustathiosdothex;x
1400;105;132;176;b_vrocethos;x
1401;218;97;161;b_oadtis;x
1402;14;26;157;b_amphipolis;x
1403;210;22;178;b_petrosthos;x
1404;75;15;66;b_nilephon;x
1405;79;119;163;b_podvin_pri_polzeli;x
1406;159;0;77;b_kepebdheti;x
1407;148;0;66;b_zarleron;x
1408;152;9;73;b_kanthia;x
1409;157;7;61;b_imbrelis;x
1410;159;0;74;b_tauryra;x
1411;158;0;67;b_paham;x
1412;150;9;68;b_dimashk;x
1413;164;5;65;b_kamio;x
1414;153;1;60;b_paindorf;x
1415;151;1;73;b_theophylaktosion;x
1416;163;0;78;b_pronagos;x
1417;103;10;52;b_moesdorf;x
1418;92;0;45;b_lascica;x
1419;102;0;61;b_b_9388;x
1420;102;3;56;b_b_9390;x
1421;100;0;44;b_b_9391;x
1422;92;0;58;b_humeratsried;x
1423;109;0;51;b_ulaedith;x
1424;94;0;42;b_miraioc;x
1425;104;8;59;b_b_9389;x
1426;101;5;60;b_b_9392;x
1427;109;0;46;b_b_9396;x
1428;128;65;100;b_scaearn;x
1429;128;58;114;b_b_9393;x
1430;127;66;98;b_trevnicca;x
1431;131;54;114;b_kerassendis;x
1432;142;66;112;b_pissange;x
1433;141;53;104;b_avlotsiaepoli;x
1434;136;66;101;b_asxipol;x
1435;125;60;96;b_adrax;x
1436;139;58;95;b_vikostamia;x
1437;141;62;102;b_glylos;x
1438;134;52;98;b_mariana;x
1439;104;0;41;b_tournimeni;x
1440;103;0;60;b_haletolgia;x
1441;110;0;58;b_b_9395;x
1442;110;0;52;b_treddica;x
1443;129;62;101;b_khoroa_tika;x
1444;127;54;97;b_tyreldarl;x
1445;123;64;109;b_rizosssic;x
1446;142;64;115;b_stellios_kanthos;x
1447;135;50;111;b_axiatryia_;x
1448;134;57;106;b_malles;x
1449;122;52;110;b_b_9401;x
1450;141;56;99;b_yeo;x
1451;139;46;107;b_adronika;x
1452;123;48;99;b_b_9400;x
1453;125;62;100;b_tsoupoli;x
1454;137;61;100;b_iou;x
1455;123;59;100;b_gav;x
1456;129;49;113;b_asapon;x
1457;131;51;104;b_phosris;x
1458;137;63;103;b_antonioscois;x
1459;129;53;95;b_droythapoli;x
1460;140;56;95;b_hierotheoserass;x
1461;138;63;102;b_ticulta_;x
1462;142;49;115;b_theophylaktospolis;x
1463;134;53;114;b_artemioseos;x
1464;122;65;103;b_thezoike;x
1465;130;52;104;b_anthousatha;x
1466;139;54;113;b_boethiospolis;x
1467;123;46;108;b_nikephorospolis;x
1468;49;9;133;b_yalat;x
1469;45;0;128;b_byz;x
1470;40;4;129;b_avox;x
1471;49;8;136;b_sa_troudomiri;x
1472;69;13;117;b_kha_;x
1473;63;0;116;b_likou;x
1474;72;0;117;b_zacpol;x
1475;72;13;107;b_proustrop;x
1476;71;0;119;b_vlaoudhetaga_;x
1477;67;2;124;b_othex;x
1478;57;5;105;b_athex;x
1479;77;0;109;b_knine;x
1480;65;8;107;b_methyrtia_;x
1481;57;11;121;b_amphibano;x
1482;69;2;116;b_b_9407;x
1483;73;13;122;b_nop;x
1484;58;5;105;b_lirimapo;x
1485;73;0;113;b_zyr;x
1486;66;6;108;b_ephet;x
1487;75;8;107;b_gaddax;x
1488;58;0;123;b_emgedike;x
1489;207;110;93;b_wildenhof;x
1490;21;100;22;b_kanneia;x
1491;206;120;46;b_stellberg;x
1492;182;51;218;b_pharacia;x
1493;197;34;34;b_yuethia;x
1494;176;104;192;b_lissenus;x
1495;97;26;112;b_tomidaea;x
1496;97;168;75;b_disos;x
1497;48;165;166;b_thronidnae;x
1498;42;30;7;b_lamethra;x
1499;54;188;143;b_rudeklint;x
1500;84;34;139;b_epidassa;x
1501;114;65;169;b_leprotiri;x
1502;139;103;34;b_vasilene;x
1503;105;30;188;b_palurion;x
1504;97;16;16;b_zaltman;x
1505;134;23;23;b_dalankhi;x
1506;100;75;197;b_curythrio;x
1507;75;76;156;b_ephyskos;x
1508;112;132;18;b_bennada;x
1509;24;96;57;b_galshard;x
1510;13;66;37;b_aan;x
1511;60;166;122;b_raufarvollur;x
1512;151;37;129;b_rase;x
1513;20;130;144;b_tsazadagy;x
1514;18;43;120;b_huryeen;x
1515;24;61;96;b_khuchzityrn;x
1516;172;55;101;b_zakiros;x
1517;30;100;77;b_benakovce;x
1518;77;32;122;b_qattahna;x
1519;97;29;29;b_sohoyd;x
1520;76;19;100;b_eudokiasoa;x
1521;85;35;160;b_odrozea;x
1522;125;175;75;b_oraniseras;x
1523;110;115;37;b_vollstig;x
1524;46;9;54;b_gytheia;x
1525;158;0;93;b_tyra;x
1526;146;39;143;b_thenopolis;x
1527;77;113;111;b_paryakes;x
1528;86;62;22;b_sum;x
1529;160;217;76;b_orbos;x
1530;26;16;78;b_zakan;x
1531;70;48;180;b_eanos;x
1532;91;98;172;b_taras;x
1533;255;138;142;b_rhegium;x
1534;14;123;51;b_spacteria;x
1535;44;31;217;b_blooastanza;x
1536;232;210;140;b_ialyols;x
1537;58;120;55;b_pol_tervanae;x
1538;66;84;193;b_gonnoiad;x
1539;121;0;0;b_ruddea;x
1540;24;114;80;b_uldars;x
1541;157;84;181;b_b_neapolis;x
1542;170;82;33;b_odessus;x
1543;43;148;205;b_eretone;x
1544;192;169;86;b_oranistha;x
1545;100;58;14;b_theaornos;x
1546;184;33;33;b_theasosi;x
1547;166;61;85;b_astila;x
1548;82;76;48;b_lofodothex;x
1549;25;85;37;b_abssause;x
1550;188;166;54;b_neuberg;x
1551;19;52;66;b_claryththon;x
1552;36;136;103;b_kyataka;x
1553;174;127;212;b_krasno;x
1554;111;64;22;b_tushale;x
1555;65;28;95;b_ulakad;x
1556;17;95;111;b_maydandur;x
1557;12;46;9;b_somonoag;x
1558;11;51;57;b_urtoburto;x
1559;55;17;54;b_dar_alkargaid;x
1560;103;99;23;b_huriyt_ortoo;x
1561;83;22;36;b_bechana;x
1562;124;75;32;b_strassen;x
1563;92;46;27;b_hinde;x
1564;66;41;19;b_erigates;x
1565;138;71;14;b_choyiid;x
1566;203;203;29;b_quetin;x
1567;83;81;27;b_hartriuex;x
1568;59;37;203;b_galmont;x
1569;58;33;7;b_garuex;x
1570;32;65;164;b_morgalia;x
1571;159;21;87;b_cascaine;x
1572;17;111;80;b_elesedii;x
1573;231;160;94;b_doiven;x
1574;236;171;102;b_porfeinguire;x
1575;120;22;18;b_nicu;x
1576;130;6;31;b_logi;x
1577;129;129;34;b_bresmc;x
1578;125;35;202;b_laregion;x
1579;133;15;152;b_dontisc;x
1580;29;53;163;b_testias;x
1581;95;27;27;b_nisipoli;x
1582;36;46;94;b_ialyrian;x
1583;25;17;47;b_aderissa;x
1584;40;16;194;b_sinamahos;x
1585;156;130;41;b_clazidnae;x
1586;79;26;38;b_kartarda;x
1587;21;21;39;b_katyyk;x
1588;14;135;69;b_antylos;x
1589;11;11;18;b_iidi;x
1590;58;100;25;b_dydyos;x
1591;22;100;67;b_hogi;x
1592;135;36;56;b_tatowan;x
1593;29;143;125;b_hothe;x
1594;38;97;166;b_ialasa;x
1595;140;49;165;b_halamis;x
1596;180;45;45;b_iolcicyon;x
1597;125;85;192;b_elaiodorasosi;x
1598;132;20;197;b_ankypes;x
1599;37;173;103;b_blandgruide;x
1600;74;20;20;b_paphysthenes;x
1601;33;158;138;b_hogiid;x
1602;112;43;143;b_nymphymna;x
1603;48;81;126;b_pergissa;x
1604;198;110;173;b_pergia;x
1605;66;80;116;b_epyrian;x
1606;184;215;48;b_oltentazl;x
1607;69;24;119;b_rykrzyski;x
1608;8;78;43;b_al_jamileh;x
1609;27;92;37;b_diacovs;x
1610;41;65;122;b_doeperone;x
1611;213;90;57;b_lavanarnn;x
1612;83;169;62;b_trybuzebie;x
1613;31;61;124;b_hojby;x
1614;116;128;29;b_niriri;x
1615;209;103;55;b_sonderbol;x
1616;91;26;15;b_kremebinka;x
1617;255;205;122;b_stenesti;x
1618;48;132;223;b_saletra;x
1619;169;217;38;b_philamum;x
1620;111;37;170;b_yaendomi;x
1621;141;134;208;b_lungern;x
1622;31;71;108;b_aphelis;x
1623;122;104;196;b_didoton;x
1624;63;127;200;b_kimmympia;x
1625;180;67;213;b_tylissesia;x
1626;176;63;5;b_chars;x
1627;39;198;67;b_epastro;x
1628;42;196;60;b_trapina;x
1629;111;10;95;b_kerkakros;x
1630;159;194;61;b_phaistopous;x
1631;56;146;194;b_myrmicea;x
1632;31;75;111;b_hemarnassus;x
1633;168;160;53;b_colotiri;x
1634;25;45;166;b_damianethos;x
1635;25;45;206;b_characca;x
1636;125;85;35;b_theoktistosdothex;x
1637;35;17;185;b_pellesia;x
1638;155;112;39;b_asklaca;x
1639;11;81;34;b_pantaea;x
1640;145;22;14;b_anefa;x
1641;5;24;3;b_toloris;x
1642;105;125;34;b_nikolaosnthos;x
1643;161;139;21;b_zikti;x
1644;26;50;126;b_maroy;x
1645;16;136;151;b_popolis;x
1646;148;84;20;b_coreutherna;x
1647;34;46;118;b_mylynthus;x
1648;55;169;32;b_lepramea;x
1649;57;34;114;b_thermini;x
1650;128;24;43;b_nirollo;x
1651;54;119;180;b_aphitake;x
1652;65;32;198;b_pantetros;x
1653;16;198;59;b_salarina;x
1654;184;183;28;b_kallane;x
1655;178;59;13;b_ini;x
1656;130;248;127;b_clacyphi;x
1657;69;17;103;b_lapaea;x
1658;37;141;49;b_dyessa;x
1659;165;44;93;b_phocylos;x
1660;163;137;47;b_chorosina;x
1661;175;50;186;b_naxidrus;x
1662;80;180;66;b_castark;x
1663;52;94;190;b_paraion;x
1664;214;21;21;b_nysenes;x
1665;62;201;61;b_bu_dirhina;x
1666;48;86;24;b_nidul;x
1667;17;131;59;b_magnitida;x
1668;100;70;84;b_al_khuhat;x
1669;13;115;47;b_sarposk;x
1670;157;15;125;b_tripympia;x
1671;74;75;16;b_fahfaniftas;x
1672;151;23;110;b_ance;x
1673;133;217;191;b_pawthar;x
1674;168;39;125;b_asilesk;x
1675;126;152;32;b_ul_kandez;x
1676;77;87;16;b_chehesh;x
1677;198;187;85;b_nozuex;x
1678;153;149;24;b_coraniux;x
1679;68;81;68;b_stihtench;x
1680;128;233;200;b_abu_masfah;x
1681;72;110;144;b_rothenbek;x
1682;140;95;36;b_gruen;x
1683;112;52;188;b_zhery;x
1684;141;84;213;b_narziran;x
1685;64;148;120;b_vallmora;x
1686;90;59;18;b_targara;x
1687;186;81;34;b_laitali;x
1688;81;37;137;b_mlekowit;x
1689;49;115;93;b_semmel;x
1690;22;170;122;b_knepchen;x
1691;101;25;197;b_kotzoura;x
1692;81;59;13;b_tel_slouni;x
1693;35;136;161;b_sherbeths;x
1694;18;78;127;b_khlafati;x
1695;126;177;106;b_matineh;x
1696;122;83;83;b_argibes;x
1697;148;34;83;b_tarte;x
1698;75;5;25;b_theognosianthos;x
1699;4;75;35;b_matthaioscois;x
1700;159;133;171;b_dimishtan;x
1701;170;148;181;b_qarramahn;x
1702;99;182;48;b_birija;x
1703;57;79;203;b_diwi;x
1704;54;63;155;b_jezreh;x
1705;121;218;226;b_zabeth;x
1706;185;10;86;b_reis;x
1707;144;104;141;b_al_liynah;x
1708;51;36;180;b_nur_yereft;x
1709;64;11;116;b_khorgoes;x
1710;73;100;11;b_zufet;x
1711;12;66;45;b_kafheriout;x
1712;40;173;121;b_barnihbad;x
1713;93;54;205;b_ctesul;x
1714;57;126;24;b_al_hurayyash;x
1715;192;109;210;b_baabdus;x
1716;109;219;145;b_kylbisheth;x
1717;18;35;100;b_al_quhaban;x
1718;101;110;180;b_misrun;x
1719;202;14;57;b_zakhonbar;x
1720;221;34;214;b_shilif;x
1721;75;102;174;b_yanbeh_al_bahir;x
1722;181;22;86;b_al_cendan;x
1723;45;58;202;b_missumabad;x
1724;89;200;184;b_ridalleh;x
1725;169;39;164;b_as_suladiyah;x
1726;200;67;15;b_klosterberg;x
1727;122;17;17;b_beni_daltoum;x
1728;120;114;75;b_khorah_faggeh;x
1729;51;83;118;b_gereth;x
1730;86;16;29;b_malaleh;x
1731;163;162;44;b_arenreid;x
1732;112;181;190;b_carinuex;x
1733;186;97;56;b_ostrokovina;x
1734;222;92;58;b_norchar;x
1735;151;124;82;b_edevarda;x
1736;19;166;186;b_darnsone;x
1737;181;154;29;b_duzain;x
1738;39;8;70;b_hijareyneh;x
1739;38;78;186;b_singerlesti;x
1740;157;69;30;b_ivayeyka;x
1741;41;54;123;b_abqabwa;x
1742;56;238;85;b_alticevaz;x
1743;38;109;213;b_rafharma;x
1744;36;91;45;b_sarveyaan;x
1745;7;20;94;b_nabafaga;x
1746;42;80;132;b_az_nalef;x
1747;95;20;44;b_talabash;x
1748;108;36;59;b_sunayah;x
1749;21;126;65;b_khirbet_kefr;x
1750;52;15;89;b_el_bein;x
1751;33;57;120;b_douar_medjehb;x
1752;46;141;18;b_nawbes_al_shimwet;x
1753;44;201;111;b_mizlat_al_shaykh;x
1754;205;160;40;b_zehnhet;x
1755;21;205;41;b_wuseylabad;x
1756;24;30;99;b_ksibah_al_nhoumeh;x
1757;41;127;229;b_aourahn;x
1758;108;25;25;b_ksar_ul_allofh;x
1759;33;114;200;b_baldat_muqaniyye;x
1760;168;79;50;b_bashakant;x
1761;19;155;33;b_nuajjieh;x
1762;97;129;196;b_medemzijl;x
1763;196;42;114;b_tal_afafar;x
1764;126;87;58;b_flamalia;x
1765;114;174;80;b_watat;x
1766;100;67;184;b_broudmur;x
1767;70;210;233;b_al_milafar;x
1768;219;52;111;b_jayoon;x
1769;218;78;174;b_aginkaya;x
1770;97;23;124;b_qatirayat;x
1771;44;90;77;b_sasayah;x
1772;27;135;80;b_malahroud;x
1773;134;28;201;b_misramr;x
1774;32;163;57;b_plainount;x
1775;198;142;21;b_scurtven;x
1776;202;94;87;b_crem;x
1777;48;68;223;b_smedelev;x
1778;59;112;26;b_cimiloveni;x
1779;38;102;69;b_turnguri;x
1780;219;139;60;b_landsfors;x
1781;78;124;219;b_bredestad;x
1782;199;140;159;b_halsla;x
1783;40;234;31;b_bregasc;x
1784;166;61;46;b_bratisborce;x
1785;141;49;25;b_hallnar;x
1786;27;133;147;b_ladac;x
1787;42;21;96;b_al_ibranyet;x
1788;136;30;158;b_tartusalun;x
1789;163;144;38;b_vysnice;x
1790;89;88;21;b_honejoen;x
1791;125;223;117;b_saaripua;x
1792;86;116;185;b_kehkula_forest;x
1793;60;82;168;b_bragaciu;x
1794;177;47;25;b_uzkovichy;x
1795;58;78;131;b_droder;x
1796;168;97;210;b_ivatsebrowna;x
1797;113;52;165;b_jonberg;x
1798;181;52;108;b_kelkule;x
1799;213;203;76;b_bilduvatn;x
1800;87;163;21;b_hacrais;x
1801;98;172;95;b_kivioga;x
1802;194;203;38;b_reny;x
1803;23;29;94;b_toruneix;x
1804;185;98;61;b_misdubice;x
1805;126;133;194;b_chechob;x
1806;49;143;177;b_storholt;x
1807;134;88;174;b_pettingen;x
1808;45;46;118;b_yavanak;x
1809;42;181;200;b_yovein;x
1810;47;47;172;b_siemiawek;x
1811;120;41;28;b_bonesend;x
1812;190;171;43;b_beinen;x
1813;92;97;153;b_kybarlute;x
1814;16;103;29;b_govrindhiend;x
1815;147;137;210;b_dacleau;x
1816;63;183;193;b_al_nuzhila;x
1817;72;164;8;b_hamya;x
1818;118;21;90;b_danas;x
1819;21;110;205;b_zaferiah;x
1820;101;151;25;b_khursacha;x
1821;105;125;154;b_pyalnai;x
1822;34;105;231;b_al_ajayleh;x
1823;48;150;186;b_ramafar;x
1824;49;135;39;b_louwhabe;x
1825;100;169;228;b_aurlallah;x
1826;135;121;27;b_sazatek;x
1827;74;169;209;b_al_myitineh;x
1828;123;193;192;b_gdabrzeg;x
1829;148;71;41;b_shehzia;x
1830;160;155;48;b_wadi_shegi;x
1831;137;83;113;b_banizaih;x
1832;11;112;155;b_yhrani_wadi;x
1833;100;75;182;b_asrhyris;x
1834;176;78;78;b_neoadhifosis;x
1835;154;80;192;b_ibn_aqsa;x
1836;170;141;189;b_doufetis;x
1837;34;143;60;b_al_tareeq;x
1838;87;153;211;b_hourifek_vas_mullah;x
1839;31;138;182;b_nasoud;x
1840;37;196;134;b_kebbat_muyhamisha;x
1841;192;58;33;b_ash_misrabbah;x
1842;26;202;120;b_stropjov;x
1843;27;102;33;b_wadi_saib;x
1844;62;151;102;b_al_hajaniyas;x
1845;255;58;93;b_an_ouarzieh;x
1846;87;19;99;b_dimaa;x
1847;70;62;169;b_zaynsa;x
1848;108;66;66;b_zafuzfayl;x
1849;61;97;22;b_ka_rigona;x
1850;187;187;230;b_preilava;x
1851;99;109;255;b_alobe;x
1852;182;90;241;b_ouladabad;x
1853;98;122;25;b_seyyed_nasr;x
1854;166;86;49;b_lisaare;x
1855;61;102;26;b_narieves;x
1856;137;24;61;b_eisiscioneliai;x
1857;152;103;49;b_jonshamn;x
1858;102;130;218;b_vascoit;x
1859;70;82;197;b_ashturakhiyye;x
1860;148;45;45;b_al_fitah;x
1861;26;50;101;b_palsaare;x
1862;192;55;23;b_emerzouat_al_khebir;x
1863;166;39;189;b_manhus;x
1864;33;42;192;b_khem;x
1865;19;66;176;b_anennijameh;x
1866;198;55;166;b_zholaibeh;x
1867;82;81;50;b_lik;x
1868;153;66;178;b_yanouchah_al_wadi;x
1869;189;139;30;b_quarashieh;x
1870;126;152;43;b_dhok_manni;x
1871;89;222;57;b_jozgar;x
1872;94;98;177;b_museilak;x
1873;85;123;182;b_avlakoniodrion;x
1874;139;135;80;b_saasakia;x
1875;36;79;146;b_smy;x
1876;86;145;237;b_tra_roto;x
1877;17;43;83;b_messiocha;x
1878;170;78;194;b_maqtah;x
1879;212;24;221;b_dalizar;x
1880;104;24;51;b_kharbin;x
1881;165;153;42;b_mardany;x
1882;17;150;168;b_bercun;x
1883;136;10;101;b_meediran;x
1884;104;16;107;b_theynn_tir;x
1885;49;159;212;b_terryn_tun;x
1886;166;52;15;b_mangagaras;x
1887;98;23;18;b_shatceu;x
1888;15;81;12;b_aanepunki;x
1889;112;12;106;b_proteix;x
1890;158;53;86;b_al_hurbin;x
1891;166;188;68;b_thiayli;x
1892;185;218;41;b_reftuil;x
1893;34;146;63;b_osmasler;x
1894;126;239;54;b_hadurah;x
1895;53;20;107;b_ain_ghanawa;x
1896;104;27;18;b_hemontum;x
1897;30;48;235;b_tegea;x
1898;181;85;40;b_simononno;x
1899;164;84;126;b_epyreum;x
1900;132;33;135;b_saymar;x
1901;165;132;16;b_leiboe;x
1902;255;53;88;b_mohanabad;x
1903;18;82;81;b_wusemah;x
1904;255;153;156;b_scione;x
1905;118;209;45;b_tower_of_stars;x
1906;61;20;119;b_mansouraw;x
1907;144;46;201;b_viglestont;x
1908;125;85;162;b_pyrhathon;x
1909;61;168;70;b_lasos;x
1910;197;104;255;b_taoumat;x
1911;115;217;141;b_thidis;x
1912;68;133;147;b_naffatunabad;x
1913;100;50;130;b_apolloniaarax;x
1914;160;49;6;b_hour_naillah;x
1915;56;172;87;b_chasmah_veha_med;x
1916;23;100;61;b_belir;x
1917;229;196;196;b_oraispol;x
1918;140;31;31;b_amaria;x
1919;197;0;0;b_cythenion;x
1920;70;24;24;b_calinus;x
1921;183;35;192;b_tanastro;x
1922;173;105;86;b_leontame;x
1923;177;69;69;b_petsesia;x
1924;67;88;209;b_stenippi;x
1925;11;89;12;b_kasmenatrae;x
1926;25;63;108;b_eresenus;x
1927;140;27;160;b_vathassus;x
1928;45;144;139;b_itherae;x
1929;48;39;40;b_ochiastryn;x
1930;23;42;100;b_pandendos;x
1931;94;19;35;b_thermanos;x
1932;102;89;24;b_niceos;x
1933;12;90;163;b_thassoricus;x
1934;13;83;143;b_tra_perpes;x
1935;201;41;173;b_barbothai;x
1936;85;78;14;b_panta_aioslonoi;x
1937;46;10;10;b_himaros;x
1938;33;14;114;b_ankapezus;x
1939;14;85;48;b_rhypystus;x
1940;70;8;8;b_iturii;x
1941;12;87;46;b_phliocaea;x
1942;114;60;214;b_carni;x
1943;41;13;86;b_tylissagra;x
1944;46;91;16;b_aceus;x
1945;23;117;152;b_nicopina;x
1946;107;12;163;b_magnantina;x
1947;13;33;79;b_lateum;x
1948;112;66;8;b_naucreselis;x
1949;155;173;19;b_pinesmos;x
1950;20;62;197;b_lamoria;x
1951;53;27;160;b_methetria;x
1952;62;12;104;b_thermene;x
1953;120;21;147;b_sklavarnassus;x
1954;9;91;100;b_epiae;x
1955;136;38;28;b_coraion;x
1956;126;87;25;b_ditida;x
1957;7;83;186;b_thuralamis;x
1958;104;20;51;b_cheia;x
1959;82;21;21;b_khokhlastianx;x
1960;169;159;17;b_sinigkos;x
1961;134;144;33;b_akhatziki;x
1962;39;67;104;b_oxlithos;x
1963;185;176;92;b_havenvaulte;x
1964;174;44;44;b_dolis;x
1965;35;21;55;b_tylossos;x
1966;177;115;15;b_byllurion;x
1967;10;141;17;b_sestokampos;x
1968;98;20;120;b_ilektrismo;x
1969;52;167;181;b_loli;x
1970;229;152;51;b_kardhion;x
1971;47;111;12;b_pentlofos;x
1972;226;13;90;b_drosi;x
1973;77;219;151;b_colivina_mion;x
1974;89;14;86;b_la_liron;x
1975;108;22;36;b_heraa_nimolgi;x
1976;51;106;172;b_oranisornos;x
1977;26;69;105;b_ultimosvictarix;x
1978;136;88;18;b_pronoia;x
1979;39;98;22;b_nisicae;x
1980;156;53;25;b_chrysthenes;x
1981;109;51;35;b_skonios;x
1982;56;58;63;b_maentarn;x
1983;18;100;199;b_calastopon;x
1984;25;100;245;b_yurorroundi;x
1985;25;125;226;b_burnopoi;x
1986;103;107;37;b_wafruba;x
1987;221;60;21;b_timbanoa;x
1988;192;153;21;b_pyrgas;x
1989;22;255;55;b_kunte;x
1990;162;170;19;b_athephyrian;x
1991;107;32;32;b_cythyros;x
1992;174;90;73;b_amarotiri;x
1993;190;52;52;b_pydnium;x
1994;148;49;25;b_naucrytos;x
1995;25;125;56;b_knoadgora;x
1996;50;6;6;b_chalcope;x
1997;74;22;98;b_mochlidnae;x
1998;206;64;246;b_prienidrus;x
1999;21;89;14;b_pixio;x
2000;174;184;10;b_tylastiraki;x
2001;20;116;70;b_astrakhan;x
2002;158;217;90;b_bublenae;x
2003;28;116;68;b_saliki;x
2004;51;101;122;b_novisni;x
2005;37;52;92;b_kresthtix;x
2006;36;59;122;b_nikyma;x
2007;43;153;200;b_treorchy;x
2008;146;194;11;b_kannenion;x
2009;182;109;2;b_aspissos;x
2010;24;120;140;b_potillai;x
2011;143;49;178;b_hyblyma;x
2012;135;39;39;b_nysenus;x
2013;118;71;30;b_megessa;x
2014;28;140;117;b_thasseiros;x
2015;44;87;118;b_cythio;x
2016;188;33;33;b_elenae;x
2017;207;24;34;b_latide;x
2018;132;22;22;b_trinion;x
2019;140;49;54;b_hermai;x
2020;59;206;190;b_actarta;x
2021;82;149;21;b_coleutherna;x
2022;146;39;226;b_cyroton;x
2023;34;155;70;b_maeschraen;x
2024;213;84;14;b_zacikon;x
2025;41;9;92;b_kamitake;x
2026;31;192;79;b_platessa;x
2027;122;52;128;b_nicegea;x
2028;136;96;38;b_chamarae;x
2029;127;0;92;b_agrinamea;x
2030;136;26;26;b_syretros;x
2031;128;0;94;b_histrillai;x
2032;62;70;210;b_odina;x
2033;127;38;38;b_kamera;x
2034;186;106;36;b_beos;x
2035;178;138;80;b_mantodosia;x
2036;136;43;116;b_pherossos;x
2037;161;60;60;b_thyrymna;x
2038;108;28;28;b_sklavysos;x
2039;19;81;38;b_kydopeion;x
2040;25;170;146;b_lofomara;x
2041;176;104;41;b_kimmeneia;x
2042;124;21;19;b_phocarnacia;x
2043;25;45;6;b_konstantiapoli;x
2044;17;81;162;b_danaclopoli;x
2045;80;94;28;b_monasus;x
2046;147;38;156;b_lampsares;x
2047;141;12;172;b_tariochos;x
2048;42;77;11;b_aspous;x
2049;25;45;55;b_lofoion;x
2050;56;84;92;b_blesoa;x
2051;25;65;57;b_demetranthos;x
2052;92;38;41;b_thyropeion;x
2053;176;46;207;b_prousacuse;x
2054;218;99;114;b_hyelaistos;x
2055;92;112;21;b_apactus;x
2056;80;38;85;b_mesine;x
2057;159;56;172;b_dymeos;x
2058;126;35;122;b_caleusis;x
2059;157;82;155;b_thyratrea;x
2060;144;46;141;b_pyrgike;x
2061;28;16;16;b_posephyrian;x
2062;168;57;37;b_byllonesos;x
2063;91;32;21;b_aigantium;x
2064;27;98;44;b_iolcytos;x
2065;112;17;17;b_thermontos;x
2066;209;43;43;b_lefkila;x
2067;11;84;92;b_eretares;x
2068;57;98;25;b_evangelosnthos;x
2069;27;77;45;b_geponkis;x
2070;26;61;44;b_anthemiospolis;x
2071;206;65;33;b_limnola;x
2072;12;52;71;b_krikos;x
2073;73;156;197;b_ryiania;x
2074;23;79;88;b_nixicara;x
2075;77;133;201;b_solastro;x
2076;136;85;41;b_kratimos;x
2077;66;68;95;b_makleax;x
2078;77;97;162;b_batanathax;x
2079;115;112;173;b_mythixopoli;x
2080;153;13;39;b_barysos;x
2081;12;106;12;b_kala_mdhlaastri;x
2082;82;87;25;b_kathyx;x
2083;143;152;21;b_kallirant;x
2084;53;93;157;b_riptide;x
2085;24;216;211;b_the_sad_point;x
2086;99;54;15;b_syr;x
2087;61;83;121;b_anaesipoli;x
2088;25;45;80;b_pantoleonorpol;x
2089;25;45;70;b_nikidgive;x
2090;63;113;165;b_blentha;x
2091;36;133;108;b_samaieus;x
2092;181;7;7;b_tanes;x
2093;52;79;207;b_allaea;x
2094;28;75;15;b_oratrae;x
2095;43;165;10;b_edyrgos;x
2096;99;9;152;b_thebontos;x
2097;42;29;127;b_cebramis;x
2098;81;11;11;b_asson;x
2099;126;45;55;b_psurias;x
2100;94;80;23;b_didamnus;x
2101;164;37;37;b_amphamahos;x
2102;194;66;134;b_barorion;x
2103;151;47;60;b_zacippi;x
2104;200;77;12;b_phliioch;x
2105;172;81;35;b_caryreum;x
2106;188;74;16;b_imbraieus;x
2107;14;6;68;b_gelarta;x
2108;193;53;153;b_sinelis;x
2109;128;3;46;b_knossia;x
2110;103;161;93;b_stymphake;x
2111;197;149;86;b_edaris;x
2112;129;48;22;b_lindapezus;x
2113;93;53;226;b_phaistipolis;x
2114;79;82;239;b_vatharnae;x
2115;177;92;42;b_philena;x
2116;71;14;14;b_byzapetra;x
2117;6;37;71;b_semoton;x
2118;9;50;95;b_nicopetta;x
2119;190;130;77;b_helaieus;x
2120;150;50;62;b_megalias;x
2121;197;130;58;b_salaclea;x
2122;40;13;89;b_agrinespiae;x
2123;25;45;90;b_paecusos;x
2124;164;58;81;b_gonnide;x
2125;43;87;48;b_oeniraki;x
2126;118;85;173;b_kyridrus;x
2127;71;133;30;b_amsion;x
2128;74;150;190;b_antagoria;x
2129;66;33;122;b_panzos;x
2130;86;74;190;b_lissamea;x
2131;82;110;26;b_alesiathos;x
2132;22;78;107;b_posamea;x
2133;44;169;89;b_erythrastiraki;x
2134;121;161;42;b_caliene;x
2135;214;138;40;b_lapithiunt;x
2136;36;33;92;b_nicoli;x
2137;103;78;44;b_diosanthus;x
2138;24;74;225;b_theodoroscois;x
2139;160;15;31;b_the_womb;x
2140;155;15;20;b_lofapoli;x
2141;35;51;173;b_votla_ni;x
2142;102;30;61;b_thebaca;x
2143;41;63;196;b_ahmetntin;x
2144;85;15;116;b_novat_kosthon;x
2145;143;85;28;b_kakolcinus;x
2146;15;96;8;b_naupyrna;x
2147;17;62;14;b_antithos;x
2148;12;51;159;b_neapeleum;x
2149;104;15;132;b_elofa;x
2150;161;76;32;b_naupiae;x
2151;89;46;174;b_phanara;x
2152;237;60;197;b_thassontos;x
2153;152;115;67;b_magnaros;x
2154;33;76;94;b_sestamnus;x
2155;107;54;26;b_chens;x
2156;100;33;11;b_myndessos;x
2157;77;15;63;b_palicos;x
2158;110;40;40;b_protopol;x
2159;169;0;0;b_pareos;x
2160;135;104;31;b_amphorica;x
2161;155;119;36;b_koxis;x
2162;159;88;52;b_dorissos;x
2163;139;240;189;b_pixeum;x
2164;119;42;135;b_keponia;x
2165;13;42;92;b_aervalropol_kerkonensis;x
2166;48;147;69;b_sicemita;x
2167;111;17;17;b_aspomnos;x
2168;157;54;168;b_scidrela;x
2169;9;127;85;b_laodanos;x
2170;145;116;13;b_katactae;x
2171;197;110;65;b_hyblosse;x
2172;66;36;36;b_proehernai;x
2173;19;78;33;b_akthos;x
2174;121;91;47;b_pafeld;x
2175;184;31;31;b_ixs;x
2176;15;170;158;b_carox;x
2177;54;140;44;b_lnguntsa;x
2178;71;12;166;b_aya_irninos;x
2179;207;109;152;b_kerasochrion;x
2180;123;69;255;b_sklasix;x
2181;135;147;16;b_nax_erithraa;x
2182;92;43;30;b_myriovasx;x
2183;147;188;33;b_cyryxdos;x
2184;178;66;111;b_pa_lthinryras;x
2185;125;85;30;b_oliorio;x
2186;152;60;26;b_rhoadixpo;x
2187;180;143;90;b_rhi;x
2188;174;85;7;b_sarpon;x
2189;68;37;119;b_pvkos;x
2190;173;91;91;b_leazokanfos;x
2191;63;87;53;b_erelaiiovani;x
2192;193;18;18;b_poli_sympthovex;x
2193;153;123;80;b_saeleuromon;x
2194;232;0;0;b_katona;x
2195;46;230;181;b_antynoria;x
2196;186;93;35;b_aradiuos;x
2197;69;145;215;b_gardkion;x
2198;62;47;8;b_roschbach;x
2199;67;30;10;b_actissa;x
2200;161;81;37;b_mavri;x
2201;219;54;208;b_grafines;x
2202;68;152;49;b_kari;x
2203;25;119;112;b_paidhopolis;x
2204;18;93;121;b_gorgita;x
2205;120;19;91;b_retrias;x
2206;21;90;140;b_traponisponion;x
2207;108;114;164;b_syron;x
2208;168;202;88;b_astaleth;x
2209;29;132;35;b_ties;x
2210;33;180;41;b_mapona;x
2211;52;126;214;b_sidasus;x
2212;85;58;193;b_elygas;x
2213;131;72;72;b_keos;x
2214;196;163;51;b_rhocuthon;x
2215;31;106;20;b_karmres;x
2216;153;23;211;b_lephtus;x
2217;178;106;127;b_drythnixi;x
2218;36;172;60;b_panaya;x
2219;55;35;181;b_bourais;x
2220;240;160;131;b_debes;x
2221;63;163;28;b_lefuthon;x
2222;160;89;186;b_asiones;x
2223;90;19;28;b_phoos;x
2224;96;30;42;b_neadus;x
2225;169;125;31;b_creca;x
2226;49;172;188;b_histrada;x
2227;106;129;35;b_sabazomae;x
2228;52;34;124;b_thoubaai;x
2229;31;69;136;b_chirhyria;x
2230;118;206;180;b_chacetus;x
2231;170;153;72;b_paetidia;x
2232;19;87;67;b_olkis;x
2233;67;153;196;b_curomis;x
2234;58;181;145;b_zaon;x
2235;108;118;7;b_pyna;x
2236;80;165;140;b_didus;x
2237;145;41;199;b_anphodike;x
2238;26;242;104;b_charhaoe;x
2239;29;69;89;b_paedia;x
2240;153;41;59;b_abus;x
2241;89;177;114;b_periskythlos;x
2242;26;52;160;b_pulcheriathos;x
2243;43;55;98;b_alexandranox;x
2244;15;72;125;b_gennadiossoa;x
2245;43;104;120;b_terrepawa_caverns;x
2246;121;59;190;b_hate;x
2247;94;66;40;b_paenes;x
2248;25;157;62;b_eretrida;x
2249;112;141;21;b_kosiae;x
2250;9;124;41;b_edosthena;x
2251;12;23;156;b_ephkynuse;x
2252;129;53;106;b_admeta;x
2253;85;39;108;b_poadpaike;x
2254;25;45;101;b_symeonarthex;x
2255;18;35;102;b_bleeoss;x
2256;10;104;127;b_the_crystal_crypt;x
2257;132;101;71;b_oephos;x
2258;141;89;39;b_vreia;x
2259;196;66;200;b_neaadmae;x
2260;171;34;174;b_thourhyskyaca;x
2261;34;43;136;b_eponthos;x
2262;136;70;19;b_dynae;x
2263;62;73;197;b_sybones;x
2264;40;22;8;b_ebes;x
2265;140;23;23;b_paethon;x
2266;37;98;104;b_paschalispoli;x
2267;31;75;75;b_thundreiasheld;x
2268;35;76;14;b_oranisarax;x
2269;91;18;48;b_smyrhaae;x
2270;33;131;107;b_the_sanctum_of_adamant_chaos;x
2271;25;160;84;b_topixthos;x
2272;46;147;51;b_lofapolis;x
2273;106;120;18;b_taronthos;x
2274;193;91;178;b_smydoris;x
2275;184;37;162;b_madolia;x
2276;211;140;201;b_thourhathos;x
2277;157;43;141;b_irio;x
2278;116;41;106;b_spaeus;x
2279;41;49;103;b_the_dolmen_of_granicus;x
2280;107;193;32;b_olponbladus;x
2281;65;8;8;b_peregatha;x
2282;20;127;79;b_metricon;x
2283;217;93;119;b_chta;x
2284;193;58;85;b_oike;x
2285;136;87;129;b_spabaonmae;x
2286;50;123;29;b_krielos;x
2287;128;24;175;b_zenobiosarax;x
2288;25;45;171;b_penedosa_den;x
2289;124;100;32;b_agipol;x
2290;61;215;81;b_alori;x
2291;10;208;12;b_chorelascan;x
2292;72;226;238;b_vyygrotz;x
2293;75;5;20;b_serapionopol;x
2294;100;50;50;b_dyiobes;x
2295;185;142;246;b_olallan;x
2296;206;129;51;b_griamma;x
2297;119;166;60;b_ozvi_sachny;x
2298;193;109;79;b_chise;x
2299;82;167;174;b_legadori;x
2300;148;143;232;b_idus;x
2301;140;129;82;b_drakanthorax;x
2302;5;64;79;b_malegive;x
2303;157;40;63;b_aradthos;x
2304;207;54;126;b_oolrhechones;x
2305;99;19;19;b_creympabdlos;x
2306;94;29;29;b_dise;x
2307;159;113;63;b_vrepus;x
2308;189;155;146;b_chai;x
2309;214;150;131;b_lephadonthon;x
2310;226;181;168;b_dryce;x
2311;198;177;170;b_sene;x
2312;59;6;6;b_penes;x
2313;139;50;50;b_grymus;x
2314;147;96;53;b_haelidus;x
2315;51;60;185;b_pedike;x
2316;159;36;36;b_chigora;x
2317;122;57;33;b_olykos;x
2318;23;112;63;b_mand;x
2319;126;221;20;b_veleca;x
2320;71;48;24;b_aphi;x
2321;149;85;67;b_miintus;x
2322;25;45;205;b_summergonie_hideout;x
2323;95;53;41;b_pysos;x
2324;25;45;197;b_doma_castle;x
2325;118;56;53;b_corio;x
2326;239;50;41;b_rhotis;x
2327;45;47;119;b_zaympeis;x
2328;188;123;199;b_hierotheoseos;x
2329;65;68;186;b_paeoe;x
2330;59;11;48;b_kaisariosopol;x
2331;233;139;47;b_amssoria;x
2332;29;54;116;b_prieca;x
2333;53;84;182;b_herbela;x
2334;11;132;47;b_telosus;x
2335;8;69;177;b_herretta;x
2336;91;43;21;b_postus;x
2337;229;90;26;b_olyres;x
2338;112;20;128;b_con;x
2339;139;19;27;b_haiopia;x
2340;163;45;53;b_paponkos;x
2341;230;49;62;b_akphebesos;x
2342;133;53;147;b_lethon;x
2343;87;44;28;b_lephessa;x
2344;75;77;15;b_karcunae;x
2345;131;39;147;b_nidi;x
2346;25;40;87;b_zachariastha;x
2347;113;114;215;b_amblakanryns;x
2348;109;77;11;b_eteinos;x
2349;42;6;48;b_philippanox;x
2350;170;57;189;b_kethini;x
2351;36;39;141;b_smyta;x
2352;36;122;33;b_cudike;x
2353;40;144;37;b_neanaai;x
2354;77;204;111;b_lepropus;x
2355;68;136;65;b_diesike;x
2356;151;43;143;b_abinus;x
2357;83;83;13;b_asphapolis;x
2358;60;127;160;b_caletrias;x
2359;145;52;29;b_golgymna;x
2360;36;83;132;b_leprox;x
2361;200;0;137;b_lebosse;x
2362;10;139;32;b_thespamis;x
2363;28;188;54;b_samaclea;x
2364;176;40;146;b_akdus;x
2365;255;54;72;b_iolcyras;x
2366;24;22;140;b_heracleneia;x
2367;188;103;82;b_ordus;x
2368;32;117;129;b_seryns;x
2369;24;79;177;b_chium;x
2370;70;113;187;b_posseinos;x
2371;172;29;29;b_dythus;x
2372;21;41;75;b_syeus;x
2373;74;125;140;b_dioscetros;x
2374;77;196;157;b_ioeus;x
2375;8;70;19;b_obades;x
2376;96;145;151;b_creonta;x
2377;100;30;85;b_olcythedroris;x
2378;241;175;81;b_carinia;x
2379;112;74;20;b_barita;x
2380;167;61;160;b_geadous;x
2381;22;98;188;b_dioscembria;x
2382;59;80;35;b_phobeni;x
2383;30;94;112;b_elatias;x
2384;145;28;14;b_arulia;x
2385;115;48;40;b_odicus;x
2386;216;187;68;b_vathetta;x
2387;54;103;161;b_mylethra;x
2388;45;170;66;b_olympasae;x
2389;14;123;26;b_gournenia;x
2390;69;73;149;b_tauroupoli;x
2391;22;107;98;b_metagoria;x
2392;57;13;13;b_spviscra;x
2393;15;103;25;b_thurauros;x
2394;193;70;201;b_solotiri;x
2395;50;198;178;b_corgoi;x
2396;25;82;206;b_kentos;x
2397;173;84;29;b_megodes;x
2398;183;188;18;b_kydetrias;x
2399;107;19;19;b_platidnae;x
2400;62;43;159;b_rurii;x
2401;97;23;23;b_pasae;x
2402;193;13;13;b_gorgiki;x
2403;148;214;223;b_ankossos;x
2404;245;186;29;b_pinyrna;x
2405;8;82;28;b_kydela;x
2406;174;159;53;b_spartione;x
2407;78;35;35;b_aigikon;x
2408;34;214;116;b_cnidera;x
2409;73;80;42;b_arracxon;x
2410;121;143;176;b_hermenion;x
2411;82;161;28;b_leibeidonia;x
2412;21;142;173;b_argita;x
2413;115;52;28;b_tenassa;x
2414;111;31;59;b_mesidos;x
2415;189;161;213;b_tasionis;x
2416;64;139;77;b_dares;x
2417;23;192;189;b_seuthithos;x
2418;24;108;125;b_tekinos;x
2419;58;78;201;b_aytetrias;x
2420;31;107;47;b_monus;x
2421;35;181;179;b_idagoria;x
2422;126;28;63;b_pilleon;x
2423;198;68;49;b_hovensein;x
2424;181;67;35;b_chalcine;x
2425;74;170;217;b_didada;x
2426;214;38;19;b_nicopamahos;x
2427;32;3;103;b_kallanos;x
2428;7;57;59;b_astaros;x
2429;33;98;106;b_tanytos;x
2430;29;156;172;b_neapyras;x
2431;119;38;70;b_didaistos;x
2432;108;85;94;b_kamarina;x
2433;75;25;17;b_crotanthus;x
2434;99;31;19;b_sklavarnae;x
2435;39;120;45;b_vasoli;x
2436;171;45;178;b_katus;x
2437;144;42;8;b_vorsuchkin;x
2438;14;81;41;b_pelagiaopol;x
2439;43;165;73;b_lyoa;x
2440;23;129;65;b_triparina;x
2441;27;91;88;b_pulcheriaion;x
2442;25;125;102;b_timotheosthos;x
2443;46;125;24;b_rhossace;x
2444;25;125;116;b_taitus;x
2445;25;125;142;b_debenai;x
2446;14;74;83;b_adrianossosi;x
2447;156;35;30;b_tometria;x
2448;85;30;28;b_silamis;x
2449;178;26;20;b_pelorus;x
2450;24;26;125;b_kosmasarthex;x
2451;46;71;39;b_olcugos;x
2452;30;102;214;b_zenonsoa;x
2453;91;177;61;b_theamara;x
2454;164;158;80;b_tragespontos;x
2455;103;160;188;b_lephiopia;x
2456;105;125;80;b_ephphagora;x
2457;30;64;98;b_kyraeras;x
2458;168;44;132;b_naupacuse;x
2459;182;152;48;b_borarina;x
2460;125;100;69;b_orthigora;x
2461;105;125;90;b_ioannikiosornos;x
2462;31;24;225;b_ponte;x
2463;105;125;44;b_ezca;x
2464;35;145;200;b_restored_ruins;x
2465;105;125;115;b_eugeniasoa;x
2466;130;151;90;b_mybebes;x
2467;43;107;39;b_the_brilliant_dungeon;x
2468;168;187;139;b_priopte;x
2469;141;168;23;b_elyaeus;x
2470;137;153;70;b_aigidiaorpol;x
2471;53;63;13;b_coroburn_hollows;x
2472;124;54;29;b_sitida;x
2473;177;195;94;b_iakoboseras;x
2474;40;110;15;b_kannike;x
2475;65;125;11;b_lofoarax;x
2476;25;125;6;b_icyessa;x
2477;37;135;170;b_rochbriados;x
2478;26;102;149;b_kanstanopthi;x
2479;25;59;196;b_sibyllatha;x
2480;170;43;154;b_gangripolis;x
2481;186;90;174;b_agrinina;x
2482;185;118;32;b_poinon;x
2483;76;75;193;b_taremita;x
2484;143;21;21;b_peiros;x
2485;53;181;167;b_stenytos;x
2486;28;200;92;b_amaragas;x
2487;30;119;118;b_kerkiopolis;x
2488;22;101;194;b_chryidos;x
2489;112;114;22;b_delake;x
2490;169;14;130;b_pagyn;x
2491;196;14;14;b_eresithos;x
2492;45;130;172;b_zakrane;x
2493;35;89;115;b_abdanos;x
2494;95;28;160;b_mesollo;x
2495;99;53;13;b_palekion;x
2496;26;222;79;b_tometus;x
2497;150;75;225;b_leibasus;x
2498;207;203;116;b_philiri;x
2499;115;28;160;b_kosebes;x
2500;174;71;25;b_gournetri;x
2501;114;46;27;b_nymphidon;x
2502;94;34;17;b_maryreum;x
2503;190;66;66;b_scidrydos;x
2504;186;181;40;b_sestopus;x
2505;120;67;147;b_phanaki;x
2506;23;71;156;b_nicopamos;x
2507;25;172;51;b_pergithos;x
2508;211;86;201;b_philanthrias;x
2509;210;105;202;b_methodian;x
2510;100;50;76;b_lofana;x
2511;103;208;23;b_leibanes;x
2512;197;110;63;b_peiripolis;x
2513;122;32;8;b_aenesmos;x
2514;62;200;202;b_aytoe;x
2515;75;191;243;b_aytullai;x
2516;4;30;85;b_alaveia;x
2517;219;113;50;b_mallium;x
2518;164;9;9;b_thebous;x
2519;80;8;132;b_isaiaseos;x
2520;39;59;125;b_tryphonntha;x
2521;178;115;26;b_massontos;x
2522;21;133;72;b_the_forgotten_hematite_city_of_teiresias;x
2523;100;50;96;b_philippaeras;x
2524;255;242;0;b_gorgeze;x
2525;111;28;113;b_pankratiosion;x
2526;105;125;198;b_sebezea;x
2527;105;125;235;b_oaddes;x
2528;25;141;113;b_topixornos;x
2529;24;145;60;b_isaiasarthex;x
2530;157;61;80;b_thebaos;x
2531;133;14;42;b_ioulianantha;x
2532;126;147;25;b_timotheosntha;x
2533;100;50;211;b_miseilos;x
2534;86;49;175;b_hyydbes;x
2535;80;55;133;b_wolverionos;x
2536;49;156;185;b_eupraxiaeras;x
2537;65;35;152;b_pyrrosornos;x
2538;78;24;153;b_seranos;x
2539;70;38;135;b_lofoopol;x
2540;129;111;233;b_kaisarioseos;x
2541;203;140;91;b_borocaea;x
2542;107;33;92;b_thououse;x
2543;176;36;32;b_mytysthenes;x
2544;19;39;74;b_elbekis;x
2545;41;9;77;b_petsonion;x
2546;34;101;108;b_hemiae;x
2547;207;197;2;b_kataza;x
2548;127;25;53;b_parsipalados;x
2549;31;74;136;b_lydphon;x
2550;100;50;131;b_theodoraarthex;x
2551;83;194;78;b_pellilene;x
2552;23;46;136;b_zakrerikon;x
2553;34;53;126;b_achoinon;x
2554;42;66;185;b_phyllisarax;x
2555;21;38;135;b_palis;x
2556;46;77;161;b_netgeariona;x
2557;68;79;115;b_niphipoli;x
2558;31;64;222;b_gregoriosntha;x
2559;78;59;170;b_kameirerma;x
2560;161;111;47;b_pantinus;x
2561;174;127;67;b_arsoy;x
2562;86;36;136;b_euphrosynetha;x
2563;106;92;8;b_aconia;x
2564;19;154;155;b_pavlagas;x
2565;32;127;34;b_achactus;x
2566;168;0;54;b_kattbek;x
2567;125;198;200;b_kuuvalta;x
2568;40;70;182;b_troezanos;x
2569;21;108;119;b_posonesos;x
2570;88;176;84;b_nysaca;x
2571;174;44;89;b_olnoi;x
2572;117;130;207;b_malovidy;x
2573;232;222;21;b_sklavos;x
2574;228;95;218;b_pyloinon;x
2575;56;167;181;b_solesos;x
2576;17;129;24;b_demamahos;x
2577;189;51;102;b_loben;x
2578;93;69;206;b_plataphos;x
2579;13;238;3;b_akronia;x
2580;25;100;82;b_sebastianosnthos;x
2581;44;88;83;b_ioannathos;x
2582;48;128;117;b_takance;x
2583;60;125;120;b_nikephorospoli;x
2584;15;64;121;b_bleopol;x
2585;32;108;212;b_gerasimosna;x
2586;25;85;166;b_poblalia;x
2587;21;113;174;b_helenentha;x
2588;23;135;116;b_paecakis;x
2589;100;17;17;b_zettia;x
2590;15;75;20;b_theodagra;x
2591;186;39;114;b_hagoria;x
2592;118;17;17;b_cythyria;x
2593;6;184;170;b_rothos;x
2594;103;176;54;b_pide;x
2595;192;64;155;b_syrope;x
2596;35;151;142;b_lapithomenion;x
2597;195;197;46;b_decikon;x
2598;186;115;21;b_pauca;x
2599;95;63;14;b_topixnthos;x
2600;76;43;52;b_atioous;x
2601;160;135;111;b_grybenae;x
2602;36;54;214;b_kyrosse;x
2603;46;37;221;b_hemeriki;x
2604;174;193;27;b_ereticea;x
2605;58;120;75;b_larias;x
2606;19;29;126;b_iasassus;x
2607;13;23;106;b_agrinenae;x
2608;21;87;119;b_chameutherna;x
2609;1;90;19;b_reselis;x
2610;25;120;122;b_hrafholmur;x
2611;55;128;163;b_sestonesos;x
2612;188;26;26;b_pelleleum;x
2613;74;186;239;b_zakreneia;x
2614;38;136;46;b_surii;x
2615;215;24;85;b_lonely_isless;x
2616;13;125;136;b_demillai;x
2617;231;154;8;b_nirauros;x
2618;26;100;108;b_braurystus;x
2619;203;67;196;b_kasmeze;x
2620;99;92;92;b_sitaclea;x
2621;185;185;185;b_hyelorus;x
2622;53;68;233;b_mileselis;x
2623;111;16;215;b_nymphia;x
2624;41;50;140;b_leontiopolis;x
2625;92;59;126;b_dreyca;x
2626;87;87;16;b_daube;x
2627;21;137;149;b_olbamos;x
2628;170;24;24;b_neapenion;x
2629;228;86;198;b_hyelopus;x
2630;54;27;102;b_dorike;x
2631;191;194;40;b_rhegampos;x
2632;173;137;234;b_laodomenus;x
2633;181;147;36;b_elaticapaeum;x
2634;173;98;20;b_tinda;x
2635;178;55;55;b_myonens;x
2636;42;168;27;b_kasmicapaeum;x
2637;100;50;226;b_philaretosarthex;x
2638;198;139;39;b_latyrgos;x
2639;231;234;51;b_dimalamis;x
2640;153;31;254;b_zelasavay;x
2641;80;11;13;b_saaigive;x
2642;141;33;106;b_kameirurias;x
2643;110;19;80;b_latarta;x
2644;140;12;96;b_potomnos;x
2645;166;47;121;b_c_a_buze;x
2646;139;72;211;b_antippia;x
2647;205;190;54;b_c_asy;x
2648;39;152;152;b_olynthetra;x
2649;100;85;56;b_photiosmara;x
2650;120;87;29;b_cyreum;x
2651;98;14;69;b_gortodosia;x
2652;197;132;45;b_narsespolis;x
2653;101;62;65;b_kaleion;x
2654;86;26;46;b_staurakiospoli;x
2655;195;89;174;b_isaakiospolis;x
2656;84;118;73;b_konstantiasoa;x
2657;124;168;118;b_heliaseras;x
2658;38;141;31;b_thoukegas;x
2659;25;85;90;b_corkinos;x
2660;25;85;55;b_ioporyns;x
2661;44;55;165;b_theodomenion;x
2662;130;0;42;b_hatzendorf;x
2663;15;133;133;b_histriki;x
2664;52;71;226;b_kephon;x
2665;170;81;40;b_abeia;x
2666;186;177;50;b_schlewenhof;x
2667;200;36;107;b_riihirava;x
2668;136;112;180;b_rhoda;x
2669;49;161;86;b_egglsor;x
2670;15;103;114;b_telia;x
2671;222;54;138;b_heraclenai;x
2672;111;117;192;b_trakznas;x
2673;77;42;136;b_aigactus;x
2674;87;26;190;b_asklegea;x
2675;230;219;11;b_andrastro;x
2676;96;17;59;b_thrai;x
2677;25;85;106;b_pelopdus;x
2678;25;85;140;b_amrythce;x
2679;72;10;103;b_sinypes;x
2680;131;67;18;b_kameiricea;x
2681;200;156;1;b_saechyanos;x
2682;177;49;75;b_chgita;x
2683;99;26;65;b_atkenkis;x
2684;219;26;123;b_massoli;x
2685;38;127;73;b_cumeia;x
2686;158;173;178;b_pieevo;x
2687;79;103;3;b_hemacus;x
2688;84;47;156;b_samuelarax;x
2689;16;77;38;b_stagame;x
2690;156;125;21;b_creios;x
2691;107;90;31;b_teres;x
2692;185;156;53;b_cui;x
2693;66;11;26;b_adrigora;x
2694;223;73;245;b_honnicitas;x
2695;23;59;200;b_esthemae;x
2696;143;20;144;b_dera;x
2697;232;186;252;b_mouresk;x
2698;73;73;86;b_strihboli;x
2699;122;17;22;b_chanus;x
2700;177;76;255;b_oegadrynus;x
2701;68;92;184;b_getaysca;x
2702;85;122;195;b_arkima;x
2703;115;38;180;b_poscekos;x
2704;26;83;196;b_karthos;x
2705;20;106;30;b_lepone;x
2706;114;64;8;b_rhorephkani;x
2707;188;122;48;b_vrekos;x
2708;159;27;45;b_tagsan;x
2709;82;43;108;b_erenos;x
2710;7;47;128;b_kaxyphex;x
2711;28;72;161;b_polion;x
2712;111;83;122;b_crasophorosorpol;x
2713;82;69;114;b_pycanos;x
2714;58;47;140;b_annamara;x
2715;35;131;76;b_creoptyr;x
2716;82;27;16;b_siccat;x
2717;65;157;40;b_taieus;x
2718;112;74;26;b_linisae;x
2719;31;45;147;b_gythathon;x
2720;30;40;100;b_vestsandur;x
2721;11;130;144;b_marsayri;x
2722;21;207;147;b_eladron;x
2723;106;40;40;b_marnarix;x
2724;166;69;31;b_mithoriaxn;x
2725;153;106;37;b_ayrsodiaxynia;x
2726;119;153;41;b_hatanzuryi;x
2727;24;111;126;b_hatan_ior;x
2728;55;94;201;b_sartharon;x
2729;91;35;75;b_oothan_diorg;x
2730;125;85;157;b_ios;x
2731;142;164;60;b_fels;x
2732;160;15;30;b_lasernait;x
2733;100;85;22;b_myiotdel;x
2734;94;166;91;b_myiotden;x
2735;227;182;27;b_thexos;x
2736;75;5;50;b_landove;x
2737;47;129;41;b_tazughran;x
2738;177;91;46;b_watzmannsberg;x
2739;96;106;0;b_medenice;x
2740;189;174;41;b_halstenbek;x
2741;95;52;200;b_badoros;x
2742;97;96;166;b_sanavae;x
2743;31;156;42;b_old_citadel;x
2744;114;48;14;b_ravenwatch;x
2745;88;119;27;b_redgarden;x
2746;28;55;180;b_stagenex;x
2747;32;48;124;b_grecchan_reach;x
2748;206;204;55;b_karyma;x
2749;236;82;19;b_pavgretzyn;x
2750;13;128;94;b_dreyrun;x
2751;75;10;51;b_ioannesna;x
2752;9;192;213;b_klialuga;x
2753;100;85;35;b_grelik;x
2754;142;150;177;b_polperro;x
2755;51;58;147;b_lesvicny;x
2756;171;214;59;b_swayfel;x
2757;72;119;218;b_shuyheath;x
2758;75;20;92;b_lidyum;x
2759;160;9;9;b_lamita;x
2760;42;35;146;b_yelkha;x
2761;4;114;62;b_shigrozny;x
2762;151;52;105;b_lyub_lyatvo;x
2763;13;237;108;b_ozvi_pulozhsk;x
2764;120;53;121;b_polcovca;x
2765;64;165;15;b_vaykatta;x
2766;250;49;127;b_salnok;x
2767;143;123;157;b_plaham;x
2768;1;124;36;b_sreaza;x
2769;142;126;208;b_srekornzy;x
2770;66;155;208;b_thaiham;x
2771;45;210;175;b_lenpin;x
2772;5;107;118;b_buyoky;x
2773;246;135;135;b_izosolvo;x
2774;191;28;27;b_ryavca;x
2775;63;215;249;b_podvecny;x
2776;42;11;168;b_micvka;x
2777;129;40;92;b_tastow;x
2778;224;8;225;b_kasbor;x
2779;62;252;168;b_yarmeskignyy;x
2780;45;53;139;b_vertwitch;x
2781;19;50;77;b_theanox;x
2782;113;199;6;b_kirznay;x
2783;196;201;22;b_posvartovsk;x
2784;22;194;255;b_pollos;x
2785;232;242;170;b_vyapsynyy;x
2786;12;52;179;b_piersym;x
2787;179;178;150;b_villate;x
2788;64;71;178;b_lusingrande;x
2789;244;225;6;b_sothar;x
2790;127;47;116;b_resenca;x
2791;115;248;151;b_shaaschevny;x
2792;119;164;82;b_valenzuela;x
2793;176;225;170;b_salen;x
2794;125;68;215;b_kutche;x
2795;93;102;138;b_shoerg;x
2796;196;219;117;b_tolygrozyn;x
2797;81;147;58;b_qeanna;x
2798;74;66;66;b_nif;x
2799;32;217;253;b_dudoke;x
2800;186;90;96;b_zarhik;x
2801;178;72;133;b_dmiaschevny;x
2802;129;232;51;b_ololian;x
2803;164;106;13;b_wicilidia;x
2804;104;23;118;b_velinydd;x
2805;27;3;28;b_toijan;x
2806;238;8;199;b_odneznonyev;x
2807;195;72;169;b_zarmenovo;x
2808;104;170;143;b_ybakith;x
2809;243;107;226;b_karrma;x
2810;249;227;76;b_thendawyth;x
2811;23;129;180;b_blachi;x
2812;62;18;238;b_vlaalavacnay;x
2813;91;74;39;b_nerider;x
2814;188;196;14;b_taclka;x
2815;209;43;173;b_nakhan;x
2816;82;58;65;b_kibsuchkin;x
2817;17;27;28;b_kurava;x
2818;72;192;84;b_ver_katradd;x
2819;60;207;175;b_rayton;x
2820;172;52;89;b_turmacknovo;x
2821;19;224;138;b_pakgrozny;x
2822;73;225;219;b_ratdga;x
2823;132;187;149;b_zaran;x
2824;87;144;192;b_varlun;x
2825;99;220;101;b_ybelawien;x
2826;147;121;1;b_miraowyth;x
2827;126;76;200;b_vyaika;x
2828;186;50;205;b_sintrachnia;x
2829;242;10;57;b_pak_pocho;x
2830;154;73;38;b_vorsechkin;x
2831;209;217;69;b_iucrak;x
2832;172;240;28;b_maneca;x
2833;210;118;123;b_komest;x
2834;116;207;245;b_novsolvo;x
2835;75;5;30;b_sadybes;x
2836;110;97;135;b_saas;x
2837;240;16;14;b_branyn;x
2838;232;42;41;b_bergav;x
2839;215;55;54;b_algonrwst;x
2840;227;112;112;b_caerdunn;x
2841;103;80;31;b_penma;x
2842;136;26;122;b_dineryr;x
2843;101;52;190;b_iyrossnyx;x
2844;120;70;213;b_porthy;x
2845;153;117;218;b_treston;x
2846;95;173;116;b_iva_yegobirsk;x
2847;133;64;125;b_rimda;x
2848;137;223;105;b_yeliza;x
2849;23;159;81;b_tyrvartovsk;x
2850;115;178;17;b_shealuga;x
2851;128;187;163;b_kassechkin;x
2852;185;175;102;b_izo_kryturynisk;x
2853;119;136;241;b_osirka;x
2854;41;120;228;b_otgate;x
2855;3;28;57;b_poari;x
2856;113;146;186;b_vorton;x
2857;217;112;102;b_rosalavacnay;x
2858;187;161;165;b_peroviskeyvo;x
2859;255;198;59;b_bebmechivi;x
2860;130;155;179;b_yayrin;x
2861;40;153;118;b_novsha;x
2862;58;73;0;b_tyre;x
2863;166;59;136;b_batta;x
2864;60;77;16;b_sha_slaxo;x
2865;130;98;131;b_wooton;x
2866;216;23;160;b_formithlond;x
2867;146;132;17;b_svaow;x
2868;116;82;232;b_tet_lyatvo;x
2869;0;57;221;b_sed_smorbent;x
2870;221;229;19;b_kusche;x
2871;80;166;86;b_stuolm;x
2872;82;215;56;b_nebrook;x
2873;43;41;82;b_stonecastle;x
2874;65;48;37;b_kazasaevo;x
2875;71;226;191;b_shabel;x
2876;105;83;245;b_boralavacnay;x
2877;175;113;148;b_dudsuchkin;x
2878;36;87;117;b_praevo;x
2879;120;11;255;b_wicaetlan;x
2880;39;42;34;b_tompin;x
2881;36;152;10;b_qelird;x
2882;120;94;255;b_varisni;x
2883;150;119;100;b_violetedge;x
2884;113;90;107;b_stonevale;x
2885;245;62;71;b_umaujan;x
2886;79;139;62;b_moresean;x
2887;29;30;30;b_tsakij;x
2888;150;152;5;b_natho;x
2889;195;88;48;b_tisoye;x
2890;197;33;250;b_vlabor;x
2891;73;81;198;b_syzod;x
2892;250;239;64;b_serakh;x
2893;203;150;116;b_tyaent;x
2894;127;232;145;b_odnasaevo;x
2895;173;35;2;b_firerid;x
2896;131;128;72;b_lothauand;x
2897;35;127;212;b_ozvinsk;x
2898;25;45;25;b_oraixispoli;x
2899;25;45;8;b_topixarthex;x
2900;25;45;11;b_skyesxon;x
2901;25;125;252;b_demetromm;x
2902;25;125;156;b_lofaarax;x
2903;181;112;241;b_avdnonaksk;x
2904;169;30;229;b_kause;x
2905;255;75;199;b_tuganna;x
2906;16;174;37;b_osikushin;x
2907;172;8;104;b_simgrazny;x
2908;108;250;136;b_stachi;x
2909;35;114;83;b_curub;x
2910;23;177;234;b_zimgrazny;x
2911;110;157;145;b_huyminster;x
2912;86;94;149;b_suyniy;x
2913;27;164;204;b_seacoast;x
2914;252;245;21;b_smytea;x
2915;224;246;250;b_malgrotz;x
2916;61;180;27;b_salyu;x
2917;104;241;53;b_damne;x
2918;234;203;9;b_sinnonaksk;x
2919;98;101;231;b_tragganax;x
2920;190;230;182;b_mallun;x
2921;245;245;91;b_verrichyn;x
2922;160;70;167;b_rosdorf;x
2923;9;188;170;b_cittadella;x
2924;139;198;167;b_turtzara;x
2925;74;182;20;b_komisni;x
2926;131;53;223;b_cante;x
2927;105;153;106;b_mal_katradd;x
2928;203;167;108;b_xargrad;x
2929;200;144;15;b_oguyu;x
2930;158;191;67;b_wallan;x
2931;98;34;104;b_shcyak;x
2932;168;32;238;b_legaonn;x
2933;185;67;87;b_stagrad;x
2934;217;61;138;b_share;x
2935;116;82;152;b_velnyy;x
2936;255;223;160;b_pakkov;x
2937;137;40;143;b_praba;x
2938;125;18;68;b_oranisarthex;x
2939;172;117;187;b_ratova;x
2940;235;125;165;b_rabius;x
2941;170;218;99;b_vagmenovo;x
2942;53;104;203;b_stoasgay;x
2943;162;91;91;b_megea;x
2944;17;167;146;b_khuary;x
2945;130;123;143;b_waham;x
2946;177;233;64;b_tolyayngrad;x
2947;80;170;6;b_zheloiypolic;x
2948;13;32;154;b_markij;x
2949;141;132;205;b_ocleah;x
2950;15;154;23;b_naranja;x
2951;54;19;170;b_singrini;x
2952;226;207;57;b_oligle;x
2953;153;85;88;b_zeva;x
2954;148;28;111;b_salyag;x
2955;252;162;103;b_thukam;x
2956;79;112;192;b_sosae;x
2957;170;47;88;b_hlael;x
2958;232;96;22;b_somgrozny;x
2959;247;200;172;b_beagrove;x
2960;224;214;88;b_kuleva;x
2961;140;236;150;b_yuraskinrad;x
2962;220;154;175;b_tyne;x
2963;22;43;174;b_zilina;x
2964;59;125;5;b_novkij;x
2965;113;93;201;b_dru_smorbent;x
2966;79;1;18;b_onirus;x
2967;151;216;160;b_simoviskeyvo;x
2968;20;143;254;b_falllyn;x
2969;77;202;19;b_uluyma;x
2970;233;101;165;b_cullo;x
2971;144;108;118;b_vyaerg;x
2972;158;206;227;b_rudady;x
2973;162;228;82;b_yelod;x
2974;114;138;19;b_malkhi;x
2975;23;75;84;b_kukyar;x
2976;48;159;209;b_khugrazny;x
2977;235;196;228;b_klenna;x
2978;129;113;200;b_tayl;x
2979;46;123;153;b_unford;x
2980;175;79;116;b_deviza;x
2981;49;166;163;b_niz_astravo;x
2982;128;69;134;b_salpovets;x
2983;8;198;97;b_betun;x
2984;252;205;131;b_kosi;x
2985;86;25;37;b_kazske;x
2986;206;231;64;b_taroke;x
2987;189;183;167;b_wara;x
2988;20;200;243;b_ufmor;x
2989;214;114;141;b_roslmae;x
2990;228;129;41;b_ibygord;x
2991;69;119;15;b_pav_sachny;x
2992;225;236;154;b_sreker;x
2993;85;156;94;b_tominster;x
2994;86;96;116;b_thad;x
2995;220;144;135;b_salyno;x
2996;243;128;54;b_taclov;x
2997;226;160;130;b_leoice;x
2998;9;155;157;b_somyu;x
2999;241;159;207;b_zoreng;x
3000;229;223;71;b_kurvli;x
3001;16;212;123;b_ybireng;x
3002;165;205;51;b_ubbinfalls;x
3003;133;71;99;b_vorlun;x
3004;144;152;40;b_odan;x
3005;86;91;100;b_pramachesnay;x
3006;174;251;135;b_rok_sachni;x
3007;203;133;27;b_mayanjakado;x
3008;52;14;115;b_kasuzy;x
3009;145;49;207;b_villeza;x
3010;148;31;118;b_ourciangon;x
3011;170;243;240;b_zhelav;x
3012;140;249;224;b_pakgrazny;x
3013;164;227;130;b_matkov;x
3014;94;45;181;b_kursta;x
3015;190;166;145;b_kosole;x
3016;168;217;124;b_svalov;x
3017;155;74;154;b_mil_astravo;x
3018;82;118;44;b_kerrama;x
3019;212;207;147;b_vertmoor;x
3020;28;248;179;b_broent;x
3021;124;175;113;b_zayv;x
3022;221;209;226;b_fad_sachny;x
3023;209;28;153;b_klenov;x
3024;210;46;214;b_chi_motovo;x
3025;239;26;135;b_sregun;x
3026;36;76;238;b_marnyy;x
3027;152;202;92;b_tsanki;x
3028;75;224;6;b_niz_smorbent;x
3029;170;133;242;b_osiske;x
3030;231;228;164;b_naisaye;x
3031;185;157;55;b_prally;x
3032;218;82;81;b_per_vachyy;x
3033;61;141;239;b_patisky;x
3034;54;230;230;b_retou;x
3035;101;167;126;b_thapsius;x
3036;182;85;254;b_gormae;x
3037;228;84;79;b_viomia;x
3038;14;11;186;b_yarisky;x
3039;189;68;44;b_polaci;x
3040;250;76;197;b_roserg;x
3041;227;95;119;b_torro;x
3042;180;20;243;b_sre_krozeny;x
3043;125;195;89;b_salino;x
3044;201;22;92;b_zhelopul;x
3045;73;13;20;b_picchabo;x
3046;88;152;209;b_the_crystal_haunt;x
3047;98;119;32;b_novnov;x
3048;184;235;79;b_yelakovo;x
3049;63;210;198;b_coracre;x
3050;155;145;168;b_pavtrachnia;x
3051;74;1;18;b_strongkeep;x
3052;90;195;76;b_theuma;x
3053;112;9;228;b_malgrozyn;x
3054;177;1;45;b_vuki;x
3055;104;14;94;b_moleza;x
3056;46;104;170;b_durkushin;x
3057;49;83;104;b_rosloky;x
3058;160;44;117;b_vor_kryturynisk;x
3059;142;12;62;b_larysa;x
3060;124;156;164;b_verrma;x
3061;108;161;11;b_moroviskeyvo;x
3062;25;125;111;b_xeneornos;x
3063;25;125;121;b_apolloniantha;x
3064;105;125;89;b_charythphos;x
3065;252;234;109;b_komnne;x
3066;5;177;12;b_elolle;x
3067;246;82;77;b_thiebeth;x
3068;127;57;135;b_lushin;x
3069;71;43;189;b_manoke;x
3070;6;58;101;b_vor_machnio;x
3071;117;244;221;b_suyoye;x
3072;178;242;110;b_elenydd;x
3073;253;182;142;b_goldlea;x
3074;227;92;17;b_difield;x
3075;224;38;47;b_stakornzy;x
3076;34;216;109;b_stefalls;x
3077;204;234;131;b_velivia;x
3078;1;196;142;b_duriza;x
3079;162;39;38;b_devaya;x
3080;38;232;216;b_shosolvo;x
3081;212;30;184;b_sovce;x
3082;179;41;211;b_podbor;x
3083;73;186;199;b_pavtsa;x
3084;197;112;223;b_fogtown;x
3085;97;37;215;b_romarid;x
3086;73;196;97;b_yurmechivi;x
3087;86;54;208;b_milvicny;x
3088;139;206;136;b_tinhin;x
3089;150;145;142;b_tepnok;x
3090;209;125;34;b_kaelacia;x
3091;47;17;101;b_pabrycg;x
3092;23;212;210;b_ver_machnio;x
3093;1;226;226;b_tacav;x
3094;150;5;159;b_izokin;x
3095;103;148;6;b_marrago;x
3096;179;114;208;b_ryatsy;x
3097;129;17;40;b_paburh;x
3098;163;70;174;b_tatkhi;x
3099;6;124;142;b_zeluzy;x
3100;185;209;220;b_suymeskignyy;x
3101;251;77;207;b_pobyzi;x
3102;189;49;229;b_nakh_archno;x
3103;191;232;53;b_kurvuy;x
3104;76;222;100;b_karaschnasevo;x
3105;159;208;176;b_pontheugh;x
3106;63;223;176;b_yerata;x
3107;77;84;180;b_golhik;x
3108;127;117;238;b_podevo;x
3109;228;163;13;b_vyadyar;x
3110;26;171;240;b_rodmachesnay;x
3111;115;25;49;b_lopshi;x
3112;242;205;229;b_salgrozyn;x
3113;100;88;51;b_ottwold;x
3114;46;85;192;b_wifeld;x
3115;184;237;190;b_roslki;x
3116;7;221;35;b_mendia;x
3117;153;137;89;b_litrad;x
3118;88;59;202;b_urtzilbaon;x
3119;127;231;44;b_polgrozny;x
3120;253;123;116;b_kranna;x
3121;175;23;17;b_wasa;x
3122;248;92;53;b_durvlyny;x
3123;89;239;145;b_mariatharg;x
3124;82;128;223;b_yerasolovo;x
3125;83;148;45;b_pivoda;x
3126;55;205;129;b_yanakh;x
3127;240;109;56;b_southsilver;x
3128;136;70;204;b_halpin;x
3129;160;203;147;b_tinow;x
3130;213;150;177;b_suyvlyny;x
3131;133;155;114;b_khvrozny;x
3132;248;0;23;b_patiky;x
3133;72;26;104;b_pavsovo;x
3134;169;123;179;b_maplebank;x
3135;29;72;44;b_stonenesse;x
3136;132;163;187;b_rok_machnio;x
3137;196;35;147;b_demvicny;x
3138;205;46;179;b_crendasa;x
3139;132;12;128;b_wildedeer;x
3140;253;239;179;b_cromavudd;x
3141;3;69;117;b_pavatraddia;x
3142;136;77;190;b_mallowham;x
3143;157;158;208;b_nimri;x
3144;168;231;175;b_ulupovets;x
3145;241;148;122;b_westwend;x
3146;44;50;156;b_zom_archno;x
3147;210;180;193;b_temaskinrad;x
3148;199;132;188;b_sare;x
3149;54;79;89;b_novtva;x
3150;238;7;122;b_wohill;x
3151;75;61;145;b_ustayngrad;x
3152;133;36;41;b_thorpeness;x
3153;193;123;252;b_luton;x
3154;190;59;133;b_uluuri;x
3155;106;42;140;b_tatgun;x
3156;252;175;40;b_tisaschnasevo;x
3157;213;104;98;b_sedike;x
3158;92;67;36;b_reham;x
3159;248;244;2;b_watun;x
3160;0;134;74;b_stasha;x
3161;86;151;84;b_podgrozny;x
3162;139;151;215;b_xate;x
3163;174;252;194;b_lene;x
3164;46;61;181;b_oduba;x
3165;57;245;146;b_tiseya;x
3166;44;181;178;b_pobaur;x
3167;10;24;221;b_greenham;x
3168;93;236;128;b_olorelle;x
3169;48;130;89;b_yerramwen;x
3170;66;63;111;b_olendawen;x
3171;178;134;32;b_olarehar;x
3172;84;9;61;b_ryaaya;x
3173;7;183;10;b_sharpton;x
3174;27;34;23;b_b_vithmoro;x
3175;187;204;182;b_starrycrystal;x
3176;189;236;112;b_werracia;x
3177;173;246;115;b_surryca;x
3178;219;27;33;b_raohar;x
3179;155;3;122;b_lothayjan;x
3180;230;142;33;b_ulorelia;x
3181;167;87;190;b_castow;x
3182;112;43;253;b_patlog;x
3183;82;70;33;b_kolnsk;x
3184;66;37;172;b_volyar;x
3185;65;79;162;b_simaky;x
3186;113;11;182;b_vasznay;x
3187;204;140;68;b_stualavacnay;x
3188;168;215;164;b_soiven;x
3189;97;193;155;b_novice;x
3190;229;111;136;b_yan_atrakanni;x
3191;126;225;73;b_leoskoy;x
3192;30;128;193;b_khvvorno;x
3193;127;209;86;b_ocigodan;x
3194;167;87;54;b_uloesa;x
3195;195;239;127;b_tugamechivi;x
3196;12;183;219;b_orooviskeyvo;x
3197;222;200;201;b_drigoviel;x
3198;24;254;81;b_kiriza;x
3199;222;133;102;b_sloiye;x
3200;87;200;217;b_legiordica;x
3201;6;111;140;b_kocvordno;x
3202;252;22;142;b_umegan;x
3203;24;121;99;b_dunocorix;x
3204;236;185;204;b_thrarseat;x
3205;24;159;22;b_mawold;x
3206;101;66;47;b_manhba;x
3207;22;122;89;b_wildebush;x
3208;70;96;34;b_oyrmun;x
3209;100;175;18;b_wintercast;x
3210;222;62;145;b_zomyzi;x
3211;102;29;146;b_wheathedge;x
3212;83;11;243;b_starryacre;x
3213;235;1;113;b_novrad;x
3214;63;181;239;b_vitrense;x
3215;87;117;134;b_yevron;x
3216;236;180;173;b_viedalo;x
3217;68;141;141;b_tyanne;x
3218;151;15;104;b_morn_huerdans;x
3219;30;77;178;b_lepala;x
3220;62;53;27;b_whitehedge;x
3221;95;89;167;b_pavav;x
3222;187;73;145;b_eastwyvern;x
3223;239;222;195;b_dirge_hills;x
3224;194;169;30;b_xar_molachno;x
3225;198;170;231;b_onjec;x
3226;216;166;184;b_urde_shelraccin;x
3227;83;166;124;b_arkisni;x
3228;206;43;38;b_tomske;x
3229;21;136;18;b_gamor;x
3230;255;202;108;b_nakhosensk;x
3231;111;149;56;b_tepava;x
3232;119;178;91;b_salence;x
3233;183;197;63;b_wildefort;x
3234;62;201;76;b_riverdell;x
3235;37;169;192;b_novnki;x
3236;95;219;139;b_rolmuth;x
3237;132;164;123;b_lermast;x
3238;173;122;30;b_wyny;x
3239;87;173;66;b_ozenok;x
3240;91;251;17;b_var_vocny;x
3241;113;15;156;b_tedale;x
3242;126;225;144;b_pinnellapass;x
3243;188;198;64;b_suri;x
3244;126;173;232;b_heabluff;x
3245;205;123;250;b_turrad;x
3246;134;96;121;b_kraachnavy;x
3247;20;225;110;b_shoakovo;x
3248;5;196;66;b_loda;x
3249;0;214;108;b_wamor;x
3250;31;190;231;b_swoofalls;x
3251;63;46;218;b_pieina;x
3252;49;1;69;b_mireima;x
3253;141;183;2;b_kamshi;x
3254;195;91;241;b_ratehga;x
3255;86;81;151;b_ozviasaevo;x
3256;211;232;36;b_tolisni;x
3257;64;10;244;b_tepoiypolic;x
3258;11;44;130;b_kuliny;x
3259;95;253;65;b_vordga;x
3260;14;138;221;b_shaho;x
3261;110;189;253;b_kraina;x
3262;219;30;212;b_zimkhi;x
3263;223;53;45;b_kolasgay;x
3264;117;60;34;b_ithyrac;x
3265;8;21;233;b_mareya;x
3266;207;198;246;b_misho;x
3267;74;135;178;b_novyum;x
3268;9;113;163;b_mar_atrakanni;x
3269;164;118;207;b_westhill;x
3270;77;27;185;b_durdol;x
3271;182;159;23;b_yerrki;x
3272;68;12;79;b_izovce;x
3273;157;139;72;b_zilyal;x
3274;179;44;228;b_ugash;x
3275;83;38;125;b_pavvuy;x
3276;59;238;67;b_ravilla;x
3277;25;45;117;b_ithi;x
3278;25;45;110;b_magnaticosagwi;x
3279;168;10;227;b_myagrotzyn;x
3280;248;234;101;b_verbenico;x
3281;243;58;186;b_rimiza;x
3282;34;120;13;b_artpin;x
3283;255;230;222;b_emden;x
3284;206;212;239;b_gorvordno;x
3285;183;82;92;b_nijlaw;x
3286;24;134;85;b_ozvirad;x
3287;128;15;188;b_zelhin;x
3288;197;245;221;b_tisvetny;x
3289;95;255;83;b_preana;x
3290;229;196;248;b_rethorp;x
3291;159;142;2;b_novevo;x
3292;36;175;35;b_wawic;x
3293;132;188;33;b_thatou;x
3294;61;120;53;b_vsevlyny;x
3295;198;63;222;b_nekpsynyy;x
3296;42;10;2;b_khoiye;x
3297;178;132;248;b_raillarixs_rock;x
3298;71;229;72;b_narnclaedra;x
3299;95;69;16;b_anfion;x
3300;30;38;103;b_dhardhiza;x
3301;203;191;53;b_neseth;x
3302;211;123;224;b_agathine;x
3303;122;37;37;b_prikynphon;x
3304;133;99;62;b_takonthax;x
3305;115;5;39;b_ararethiel;x
3306;33;77;171;b_sal_uzloriysk;x
3307;57;222;53;b_vor_novoagansk;x
3308;191;141;49;b_pakshi;x
3309;51;144;35;b_the_sirensong_sea;x
3310;29;119;190;b_the_distant_grotto;x
3311;108;235;174;b_the_aery;x
3312;26;36;205;b_the_empyrean_utopia_of_kochbin;x
3313;220;195;36;b_the_heaving_cavity;x
3314;59;27;226;b_license_den;x
3315;24;43;96;b_cells_of_the_spirit_arachnid;x
3316;77;116;163;b_burrows_of_the_ghost_raven;x
3317;24;71;198;b_the_red_vault;x
3318;48;60;7;b_evil_chickens_lair;x
3319;231;102;58;b_volume_vicinity;x
3320;27;105;14;b_repaired_pit;x
3321;128;44;43;b_alraine_hollow;x
3322;19;112;63;b_bloodstone_asylums_of_the_dread_fang;x
3323;144;213;63;b_violetshore;x
3324;194;213;112;b_burning_headquarters;x
3325;98;184;28;b_slavehalls;x
3326;184;81;28;b_renegades_run;x
3327;82;51;139;b_aexars_hall;x
3328;10;210;130;b_desolate_limestone;x
3329;200;198;32;b_the_aboleth_sanct;x
3330;229;246;75;b_chambers_of_the_rejected_mountain;x
3331;150;185;108;b_lost_acolyte;x
3332;35;88;23;b_magis_breach;x
3333;74;112;229;b_winding_descent;x
3334;123;47;168;b_tower_of_mazes;x
3335;53;42;47;b_the_ashen_corridors_of_aconia;x
3336;45;112;120;b_arucebays_spelunk;x
3337;22;196;107;b_upper_maklean_annex;x
3338;22;196;166;b_swampleaf_outpost;x
3339;45;44;153;b_reggias_cliff;x
3340;242;255;103;b_maze_of_the_whispering_morass;x
3341;2;64;131;b_sages_mountains;x
3342;112;151;254;b_the_cold_tombs;x
3343;116;108;106;b_terizian_passage;x
3344;44;197;205;b_butelghf;x
3345;255;38;253;b_the_cunning_chambers;x
3346;157;108;186;b_rock_grave;x
3347;41;133;103;b_idylls_of_the_carnifex_sanctum;x
3348;120;61;155;b_upper_petriccan_tower;x
3349;25;198;142;b_cudry_hideout;x
3350;97;92;197;b_tunson_hollow;x
3351;54;133;120;b_the_velvet_hideout;x
3352;11;137;114;b_the_keeper_of_the_lake;x
3353;224;136;158;b_well_stalagmite;x
3354;227;232;20;b_salt_caves_of_the_intrepid_invoker;x
3355;223;41;38;b_vestivia_no._xxxxxxxxxxxvvi;x
3356;23;165;44;b_vestivian_passage;x
3357;3;195;56;b_vestivian_terizian_passage;x
3358;188;91;59;b_the_sandy_caverns;x
3359;18;17;186;b_trophy_halls_of_the_dire_manticore;x
3360;61;35;239;b_ossuary_weathering;x
3361;131;113;203;b_lake_barracks;x
3362;138;83;72;b_illusions_of_the_ogre_pits;x
3363;146;93;75;b_magic_academy;x
3364;251;165;199;b_myconid_vigils_of_the_forgotten_scourge;x
3365;60;202;71;b_underground_conclaves_of_the_emperor_dagur;x
3366;46;53;124;b_the_noxious_pits;x
3367;255;29;253;b_the_chapter_house_of_bleeding_shadows;x
3368;142;20;150;b_archerium;x
3369;255;73;15;b_high_hollow;x
3370;208;2;207;b_magihall;x
3371;141;20;150;b_the_nexusway;x
3372;237;104;63;b_harpers_speleology;x
3373;198;65;24;b_gvens_sap;x
3374;151;82;41;b_academy_archerium;x
3375;192;190;26;b_tower_of_the_eastern_star;x
3376;151;109;41;b_lowchamber;x
3377;141;151;41;b_aoss_temple;x
3378;172;9;129;b_arborcouche_hollows;x
3379;221;13;195;b_vault_of_the_golden_ogre;x
3380;167;106;99;b_the_dreary_catacombs;x
3381;48;85;152;b_slaines_pit;x
3382;198;137;95;b_idylls_descent;x
3383;232;182;70;b_moat_of_the_flawless_hatred;x
3384;62;141;241;b_prisoners_sky_isle;x
3385;154;107;201;b_isolated_dark_wall;x
3386;205;81;58;b_fordster_cave;x
3387;162;92;81;b_the_nether_sanctuary;x
3388;114;165;115;b_underpath_descent;x
3389;113;70;190;b_audient_chamberies;x
3390;114;87;163;b_the_echories;x
3391;207;75;118;b_eastdrop_ring;x
3392;242;32;240;b_lower_maklean_annex;x
3393;158;26;68;b_broken_bridge;x
3394;147;34;71;b_ephaios;x
3395;194;34;87;b_vixions_terrace;x
3396;217;68;117;b_edgewalk;x
3397;11;3;2;b_theyssian_bridgeway;x
3398;9;20;122;b_vexian_ampitheater;x
3399;114;19;50;b_starlight_chamber;x
3400;169;169;169;b_shadowgate;x
3401;193;74;113;b_gate_of_soter;x
3402;212;47;168;b_othorics_chamber;x
3403;175;237;72;b_aulic_chamber;x
3404;251;109;64;b_acolytes_polis;x
3405;132;132;132;b_imperial_cistery;x
3406;85;85;85;b_sacrarium;x
3407;90;45;130;b_civian_hall;x
3408;48;44;44;b_armorarium;x
3409;219;175;34;b_slavecroft;x
3410;131;217;204;b_endgate;x
3411;76;6;78;b_catafalexic_chambery;x
3412;203;105;131;b_ambulitix;x
3413;229;16;81;b_maklean_tower;x
3414;2;1;87;b_great_conceptacle;x
3415;20;19;126;b_mithrixadian_halls;x
3416;252;213;108;b_vixian_resplendency;x
3417;222;205;44;b_blackhall;x
3418;49;70;149;b_luminarium;x
3419;97;15;242;b_magis_converge;x
3420;248;154;130;b_the_etherium;x
3421;196;22;65;b_rodcasters_niche;x
3422;29;140;172;b_aeonic_passage;x
3423;184;113;136;b_wyrmrest;x
3424;202;15;76;b_great_traverse;x
3425;141;151;71;b_thixicars_footprints;x
3426;235;113;36;b_archivate;x
3427;218;242;14;b_the_lyceum;x
3428;70;212;35;b_scholars_aisle;x
3429;178;106;116;b_the_scrivenery_tower;x
3430;179;129;211;b_burntscroll;x
3431;49;190;207;b_ivaxs_curse;x
3432;54;94;149;b_apsorium;x
3433;236;86;69;b_severian_anteroom;x
3434;106;254;23;b_lost_station;x
3435;191;222;48;b_the_chittering_chamber;x
3436;95;148;33;b_hellnest;x
3437;34;56;106;b_the_midden_pile;x
3438;155;213;206;b_highrift;x
3439;81;41;94;b_lowrift;x
3440;20;24;175;b_the_wetways;x
3441;67;96;129;b_coral_vault;x
3442;171;157;56;b_whispering_cave;x
3443;175;161;25;b_lesser_netherworld;x
3444;183;18;233;b_hiisian_gate;x
3445;42;247;199;b_broken_watch;x
3446;84;147;248;b_yberikoth;x
3447;31;77;159;b_bytina;x
3448;161;172;114;b_ragencop;x
3449;206;237;71;b_nvettbergg;x
3450;10;180;100;b_strakony;x
3451;136;54;32;b_wintlow;x
3452;124;45;24;b_loonten;x
3453;126;39;63;b_koshaz;x
3454;18;100;50;b_ternm;x
3455;76;196;123;b_wofsneubach;x
3456;127;56;33;b_tarwice;x
3457;225;110;59;b_kruna;x
3458;159;127;76;b_sumvinov;x
3459;161;105;193;b_canteclia;x
3460;114;22;169;b_piziadz;x
3461;216;89;9;b_nyirtad;x
3462;243;123;34;b_bumaz;x
3463;248;77;24;b_vyerhichyn;x
3464;15;152;88;b_zilivoca;x
3465;176;113;143;b_lilyow;x
3466;251;123;35;b_dubasaru;x
3467;219;92;12;b_sajoszna;x
3468;245;74;21;b_sitralis;x
3469;255;87;22;b_beretkad;x
3470;55;98;29;b_tehei;x
3471;249;126;31;b_thanae;x
3472;31;91;128;b_martemir;x
3473;91;76;23;b_kromepa;x
3474;24;66;29;b_panax;x
3475;242;82;39;b_toruskie;x
3476;69;138;169;b_bojlinec;x
3477;246;79;32;b_grigorionet;x
3478;248;119;32;b_fasti;x
3479;252;73;28;b_ariosniai;x
3480;223;87;20;b_jichrav;x
3481;147;147;221;b_vitne;x
3482;39;45;108;b_melahnes;x
3483;10;72;9;b_grossenmolsen;x
3484;19;78;0;b_kalmav;x
3485;28;63;9;b_limril;x
3486;25;51;15;b_arsica;x
3487;18;69;27;b_erthan;x
3488;34;63;24;b_kornav;x
3489;15;81;18;b_naansaari;x
3490;12;69;12;b_arfang;x
3491;123;115;70;b_korkunhalas;x
3492;200;173;15;b_busineu;x
3493;224;190;0;b_hincezia;x
3494;251;214;0;b_stana;x
3495;132;81;31;b_boriano;x
3496;45;108;56;b_lodenitz;x
3497;185;114;45;b_udlejre;x
3498;48;128;15;b_tagewerben;x
3499;117;117;193;b_klembarok;x
3500;184;58;16;b_stonebridge;x
3501;125;196;119;b_breitstetten;x
3502;25;125;86;b_soomerchagg;x
3503;22;39;107;b_grandcourt;x
3504;29;122;109;b_kamno;x
3505;24;119;61;b_dobje;x
3506;28;89;33;b_mandlegg;x
3507;190;100;181;b_strugarji;x
3508;198;176;28;b_blaylock;x
3509;218;152;95;b_oxhalso;x
3510;12;21;75;b_ladmovce;x
3511;118;64;39;b_marielyst;x
3512;40;77;178;b_windhausen;x
3513;38;160;145;b_hollstadt;x
3514;88;20;150;b_shaggstat;x
3515;173;107;95;b_harburg;x
3516;102;112;25;b_ianezevo_brdo;x
3517;109;55;186;b_bratelsbrunn;x
3518;86;189;120;b_huncherange;x
3519;173;93;51;b_niedernkirchen;x
3520;29;47;157;b_jamolice;x
3521;80;180;100;b_mladonov;x
3522;60;91;119;b_michelsdorf;x
3523;55;107;52;b_piS_t;x
3524;44;49;98;b_schlempenfeld;x
3525;190;84;49;b_obersulz;x
3526;62;59;12;b_sieringhoek;x
3527;18;83;17;b_karboreh;x
3528;205;32;80;b_hochheide;x
3529;180;87;46;b_schafpreskeln;x
3530;40;129;186;b_hinkel;x
3531;124;26;53;b_eichholz;x
3532;181;124;41;b_markfeld;x
3533;95;90;13;b_fachenfelde;x
3534;62;29;12;b_niederanven;x
3535;12;35;62;b_svogerslev;x
3536;24;156;163;b_kap;x
3537;52;91;184;b_murdgruden;x
3538;213;60;17;b_aborg;x
3539;18;46;103;b_lorentzweiler;x
3540;148;109;70;b_kloborg;x
3541;162;205;41;b_veritas;x
3542;38;181;217;b_bozetechovo;x
3543;133;125;47;b_klim;x
3544;86;95;181;b_theresienbad;x
3545;28;164;198;b_thor;x
3546;9;69;77;b_leukersdorf;x
3547;25;85;45;b_alcabre;x
3548;125;85;85;b_deteraxos;x
3549;40;143;47;b_vernerre;x
3550;182;179;84;b_osmo;x
3551;125;85;72;b_assiconia;x
3552;100;50;91;b_aviliori;x
3553;100;5;41;b_valien_bank;x
3554;178;41;202;b_kouklritstezai;x
3555;92;88;196;b_avonsburg;x
3556;47;44;131;b_romborna;x
3557;123;129;58;b_unterteufenbach;x
3558;94;21;32;b_atzensberg;x
3559;91;202;73;b_durdice;x
3560;58;129;126;b_wilz;x
3561;135;121;72;b_thermopol_kalathipsomica;x
3562;111;49;17;b_lyepool;x
3563;63;68;163;b_brimstone;x
3564;190;126;19;b_desinec;x
3565;23;135;14;b_unglinghausen;x
3566;46;55;128;b_tlumatschau;x
3567;217;62;47;b_hinterreckenberg;x
3568;200;93;20;b_rezekdus;x
3569;71;132;226;b_eyrarthir;x
3570;12;22;103;b_zwietow;x
3571;140;127;37;b_kischlitz;x
3572;188;172;33;b_soboc_evo;x
3573;73;23;180;b_tordaeon;x
3574;90;142;174;b_tarabuc_;x
3575;67;143;85;b_sveti_simon;x
3576;205;105;231;b_hennersdorf;x
3577;182;33;33;b_lednic;x
3578;182;95;18;b_pittange;x
3579;34;62;12;b_thalham;x
3580;18;225;0;b_kollberg;x
3581;41;179;162;b_unterahrnbach;x
3582;40;114;142;b_syren;x
3583;19;67;121;b_trestenshult;x
3584;35;100;29;b_harbo;x
3585;32;162;189;b_hondsjang;x
3586;223;195;215;b_gradnik;x
3587;223;140;221;b_skads;x
3588;110;126;39;b_marienwehr;x
3589;58;168;20;b_sassenheim;x
3590;71;51;18;b_aub;x
3591;179;92;50;b_talltruffle;x
3592;154;103;39;b_hamstead;x
3593;18;103;147;b_baconfield;x
3594;194;73;39;b_pilgrims_trap;x
3595;255;101;109;b_c_adrg;x
3596;253;138;0;b_ponikve;x
3597;209;113;0;b_kirchthal;x
3598;204;84;220;b_sophienhamm;x
3599;19;146;161;b_uttigsdorf;x
3600;144;77;38;b_reta_lla_s;x
3601;69;206;36;b_schmiede;x
3602;163;192;33;b_bissen;x
3603;197;2;0;b_jenkofen;x
3604;184;165;61;b_damasko;x
3605;236;197;103;b_goeblange;x
3606;205;152;245;b_nievelstein;x
3607;195;132;243;b_podlog;x
3608;140;79;196;b_monte_di_capodistria;x
3609;26;84;104;b_hifringen;x
3610;255;58;211;b_olbosia;x
3611;76;81;195;b_karretvrekynryns;x
3612;34;88;170;b_magnynthus;x
3613;91;132;88;b_weierweiler;x
3614;15;76;170;b_mesorion;x
3615;139;138;33;b_planiny;x
3616;73;39;21;b_aschauberg;x
3617;122;61;30;b_friedenfels;x
3618;21;74;133;b_oetanai;x
3619;149;39;75;b_mious;x
3620;177;19;71;b_tiberyns;x
3621;89;15;38;b_prose;x
3622;152;144;40;b_ledes;x
3623;18;120;126;b_doreucia;x
3624;10;94;99;b_hyrini;x
3625;182;18;39;b_achessos;x
3626;145;73;40;b_wilfleinsdorf;x
3627;148;75;145;b_breznik;x
3628;85;31;82;b_donnerskirchen;x
3629;34;23;129;b_losiny;x
3630;143;39;130;b_ladenthin;x
3631;235;95;230;b_reisenberg;x
3632;111;63;55;b_mijakovic_;x
3633;142;17;184;b_aeus;x
3634;168;127;45;b_ephrinos;x
3635;99;82;164;b_pelphitiea;x
3636;38;114;37;b_cores;x
3637;147;129;25;b_emfos;x
3638;81;71;14;b_olbeasthin;x
3639;222;158;33;b_daenas;x
3640;25;45;251;b_plybel_sanctuary;x
3641;165;126;189;b_wilkenau;x
3642;41;192;116;b_gonnhelheis;x
3643;68;40;93;b_rodov;x
3644;184;92;61;b_regglisweiler;x
3645;32;70;112;b_rickenbach;x
3646;172;186;120;b_uvlunge;x
3647;154;110;181;b_lendvahosszufalu;x
3648;92;174;201;b_eichheim;x
3649;195;117;196;b_zlatna;x
3650;139;163;50;b_brezovica_pri_dobu;x
3651;24;100;95;b_izlake;x
3652;183;92;61;b_alferde;x
3653;27;111;105;b_welshofen;x
3654;87;214;141;b_the_drums;x
3655;85;197;122;b_dunsyl;x
3656;47;147;77;b_boomtree;x
3657;19;140;131;b_greenwalls;x
3658;140;121;19;b_cabbagebarrow;x
3659;114;211;138;b_redhat;x
3660;108;231;158;b_sambasso;x
3661;105;208;138;b_jassnitz;x
3662;96;217;147;b_shroomgarden;x
3663;142;246;171;b_chanterelle;x
3664;148;255;177;b_puffballstone;x
3665;67;197;128;b_cloudmother;x
3666;95;238;154;b_thunderson;x
3667;87;208;138;b_rainsister;x
3668;123;235;165;b_warmhearth;x
3669;133;244;174;b_cape_storm;x
3670;113;232;157;b_thundermarsh;x
3671;93;223;141;b_rainspire;x
3672;145;247;183;b_blackdrain;x
3673;134;240;173;b_seatemple_in_drenchroot;x
3674;120;225;161;b_eicht;x
3675;76;203;125;b_radvanec;x
3676;100;50;146;b_wetstone;x
3677;105;125;53;b_hemlock_isle;x
3678;71;16;172;b_oborin;x
3679;106;59;192;b_oberstiftung;x
3680;83;33;174;b_langentriebe;x
3681;160;40;107;b_lanternmans_tower;x
3682;149;65;21;b_arlsdorf;x
3683;202;71;144;b_zachaned;x
3684;39;124;149;b_zelnava;x
3685;102;20;124;b_slativiaka;x
3686;40;75;38;b_siebenaler;x
3687;125;85;212;b_iosephtha;x
3688;60;173;105;b_laastadt;x
3689;54;116;42;b_lellingen;x
3690;102;99;25;b_chotin;x
3691;206;39;75;b_pietzschwitz;x
3692;77;71;17;b_dorscheid;x
3693;216;179;26;b_kaeilia;x
3694;42;147;18;b_epis;x
3695;62;216;26;b_landhedge;x
3696;11;67;44;b_howlers_den;x
3697;181;135;243;b_agrin;x
3698;59;132;181;b_doriande;x
3699;148;147;202;b_dudava;x
3700;103;161;226;b_itzal;x
3701;246;11;229;b_cahaboncillo;x
3702;31;229;85;b_prievuca;x
3703;127;207;60;b_arosa;x
3704;248;0;199;b_minab;x
3705;228;141;19;b_umpcot;x
3706;59;63;190;b_caburh;x
3707;105;215;224;b_thughye;x
3708;84;2;127;b_gilan;x
3709;162;89;28;b_kethethos;x
3710;220;55;185;b_guayabillas;x
3711;52;247;47;b_waywick;x
3712;73;105;30;b_tibrycg;x
3713;16;85;16;b_fairyqueens_court;x
3714;0;64;6;b_lullaby_field;x
3715;14;74;15;b_starry_fountain;x
3716;0;50;24;b_daybreak;x
3717;38;96;36;b_oldstump;x
3718;5;40;6;b_owlhoot;x
3719;5;72;16;b_wispvine;x
3720;19;51;15;b_miedlingsdorf;x
3721;14;77;16;b_wahns;x
3722;10;55;18;b_wilderkings_fort;x
3723;3;60;13;b_greatbranch;x
3724;24;61;22;b_blacktree;x
3725;30;69;28;b_ossinond;x
3726;22;67;26;b_old_grotto;x
3727;4;60;24;b_verdant_corner;x
3728;0;64;28;b_shroudbarrow;x
3729;28;65;30;b_trackers_pass;x
3730;10;72;24;b_oldquarry;x
3731;22;69;30;b_springtemple;x
3732;160;141;43;b_foxglove;x
3733;199;179;82;b_apiary;x
3734;188;170;83;b_pollenwind;x
3735;195;173;65;b_candycastle;x
3736;178;169;79;b_waxbridge;x
3737;204;182;74;b_goldfork;x
3738;210;184;21;b_berrybrook;x
3739;189;166;57;b_goldenmeadow;x
3740;175;176;65;b_wizardspire;x
3741;210;173;69;b_kaltinitz;x
3742;209;196;81;b_gornje_lezec_e;x
3743;207;176;65;b_oldcastle;x
3744;198;184;74;b_chequy;x
3745;213;192;95;b_buttendorf;x
3746;194;174;74;b_trollsden;x
3747;182;180;74;b_oxarch;x
3748;217;196;85;b_leafy_holt;x
3749;198;176;84;b_backridge;x
3750;192;160;83;b_hunters_keep;x
3751;198;190;23;b_acorn_rush;x
3752;185;180;65;b_finsing;x
3753;186;175;79;b_antler;x
3754;197;170;65;b_smallhart;x
3755;100;148;57;b_riverwatch;x
3756;92;124;29;b_bridgetown;x
3757;86;124;41;b_overford;x
3758;80;118;37;b_plumgate;x
3759;100;150;43;b_megopetri;x
3760;90;160;43;b_kings_orchard;x
3761;84;112;39;b_the_ring;x
3762;59;118;37;b_hagstone;x
3763;94;122;39;b_stonetun;x
3764;30;78;18;b_bluerod;x
3765;92;104;39;b_old_mill;x
3766;94;118;51;b_roeford;x
3767;29;179;110;b_vinelamps;x
3768;35;105;127;b_chandlers_grove;x
3769;23;136;178;b_dewshine;x
3770;12;196;159;b_jerigodda;x
3771;53;196;149;b_sweetpool;x
3772;12;196;112;b_firefly_grotto;x
3773;61;100;58;b_enchanted_glade;x
3774;5;60;6;b_magis_cauldron;x
3775;28;220;133;b_duskblossom;x
3776;28;193;143;b_brightwell;x
3777;25;42;30;b_chirping_brook;x
3778;65;168;127;b_bluehollow;x
3779;5;78;6;b_runelog;x
3780;35;202;130;b_silverscythe;x
3781;35;168;127;b_twelvetills;x
3782;55;69;172;b_kravsko;x
3783;35;196;127;b_nightwitchs_arch;x
3784;35;143;127;b_lanterntown;x
3785;35;127;127;b_aervalrtemple_in_nightbloom;x
3786;35;171;127;b_glowstone;x
3787;35;140;40;b_shimmerpond;x
3788;19;128;129;b_alchemists_spring;x
3789;49;147;63;b_ardroch;x
3790;36;187;52;b_rootsbridge;x
3791;55;130;76;b_shady_rush;x
3792;26;168;65;b_flowershrine;x
3793;45;156;76;b_ors;x
3794;54;148;80;b_potethra;x
3795;22;160;60;b_duskhalls_of_the_undying_mesmerizer;x
3796;63;139;77;b_lymrills_watch;x
3797;34;149;66;b_thrush;x
3798;23;170;63;b_lovers_torc;x
3799;38;147;76;b_leskenthal;x
3800;35;143;65;b_sharpsaw;x
3801;17;165;60;b_greucaster;x
3802;25;75;56;b_pupden;x
3803;40;142;62;b_runestone_in_wolfsway;x
3804;76;214;152;b_coldford;x
3805;46;136;71;b_sorcerers_hammer;x
3806;66;158;92;b_autumnshrine;x
3807;116;16;60;b_lukraukle;x
3808;38;101;118;b_kungsshamn;x
3809;57;111;108;b_bentraine_marsh;x
3810;62;75;21;b_winders;x
3811;52;79;28;b_rockgarden;x
3812;133;196;75;b_greyhollow;x
3813;28;122;133;b_maggun;x
3814;57;107;69;b_rahawka;x
3815;55;140;70;b_nemlava;x
3816;0;122;178;b_boledilsk;x
3817;68;102;69;b_grubbars_hill;x
3818;32;177;65;b_gorgullad;x
3819;16;113;16;b_blackcliff;x
3820;51;119;69;b_orchid_hall;x
3821;56;114;72;b_blackthorn;x
3822;46;143;73;b_bragazu;x
3823;172;134;108;b_drangfjorthur;x
3824;145;198;211;b_hokkros;x
3825;21;34;62;b_hellev;x
3826;98;202;70;b_dragoncourt;x
3827;182;221;45;b_lonely_copse;x
3828;140;200;44;b_tharalin;x
3829;150;193;59;b_madhvei;x
3830;140;196;58;b_c_izova_;x
3831;166;193;63;b_yarrow;x
3832;144;208;40;b_mossy_altar;x
3833;144;196;44;b_ernstberg;x
3834;124;201;63;b_wollsberg;x
3835;193;183;96;b_jeseney;x
3836;176;215;49;b_kochov;x
3837;156;219;49;b_ashkey;x
3838;154;210;46;b_needleton;x
3839;143;203;53;b_myndol;x
3840;107;190;67;b_scavelhem;x
3841;167;224;49;b_dilgwyn;x
3842;154;212;46;b_osternberg;x
3843;156;201;59;b_rainbows_end;x
3844;142;208;48;b_roudne;x
3845;41;119;108;b_johannisbad;x
3846;168;203;55;b_bloom;x
3847;186;212;51;b_drahonice;x
3848;158;193;71;b_S_enava;x
3849;153;223;49;b_potok;x
3850;124;20;31;b_slumbering_castle;x
3851;60;179;102;b_briarkiss;x
3852;180;213;49;b_redhedge;x
3853;127;217;39;b_theonthvei;x
3854;164;189;75;b_kaludjerovac;x
3855;137;194;57;b_ejpovice;x
3856;20;28;177;b_soleuvre;x
3857;104;199;91;b_theisseil;x
3858;168;228;40;b_klos;x
3859;152;196;44;b_roehenberg;x
3860;36;17;15;b_gorle;x
3861;153;156;41;b_maramasti;x
3862;85;61;111;b_pivorosvar;x
3863;123;123;194;b_szarcel;x
3864;31;172;47;b_piasita;x
3865;9;99;23;b_teva;x
3866;12;124;11;b_meronitz;x
3867;23;45;90;b_sokotin;x
3868;85;38;85;b_furschweiler;x
3869;127;194;207;b_tenidon;x
3870;88;202;101;b_marouincour;x
3871;108;246;98;b_solidos;x
3872;98;189;103;b_rothien;x
3873;25;125;130;b_pyopeis;x
3874;18;61;112;b_kreuzweg;x
3875;101;88;164;b_corcagoria;x
3876;112;227;100;b_slabboth;x
3877;103;254;99;b_biederitz;x
3878;102;217;99;b_dobroslavice;x
3879;105;208;99;b_kamilov;x
3880;113;226;101;b_rochen;x
3881;119;230;115;b_trumbahem;x
3882;109;212;102;b_boskatour;x
3883;102;255;102;b_traggs_wood;x
3884;109;245;98;b_lenandorm;x
3885;91;196;103;b_skullsmasher_stone;x
3886;120;212;101;b_edeta;x
3887;84;205;61;b_risriopol;x
3888;69;227;57;b_dave;x
3889;127;199;60;b_theklacois;x
3890;119;196;66;b_hajduscag;x
3891;60;234;54;b_hantsachyn;x
3892;120;202;56;b_ostrasko;x
3893;64;227;53;b_trybusko;x
3894;31;194;67;b_borraolt;x
3895;95;185;74;b_rhanax;x
3896;114;59;31;b_hirschberg;x
3897;27;23;111;b_pressath;x
3898;142;149;18;b_hinterwiesthal;x
3899;89;125;24;b_aridrann;x
3900;18;48;86;b_coldbarrow;x
3901;91;86;18;b_unterstaudhausen;x
3902;24;52;102;b_stein;x
3903;16;111;44;b_bous;x
3904;202;201;47;b_wennigsen;x
3905;14;29;98;b_khaa;x
3906;69;79;180;b_nehodiv;x
3907;184;93;31;b_mupferting;x
3908;9;55;164;b_egegard;x
3909;47;123;35;b_skaudskelis;x
3910;85;36;174;b_lonsheior;x
3911;55;63;163;b_kolkumyrar;x
3912;181;99;57;b_bordovice;x
3913;156;70;25;b_lohauserholz;x
3914;107;26;168;b_pacinje;x
3915;96;39;235;b_konaga;x
3916;177;82;45;b_oxeloviken;x
3917;123;42;15;b_antinovica;x
3918;50;17;67;b_starbach;x
3919;105;114;21;b_tur_senach;x
3920;167;186;23;b_spanedt;x
3921;23;186;115;b_markvartovice;x
3922;82;37;7;b_malec_;x
3923;119;35;40;b_hvammstathir;x
3924;118;117;15;b_brumundheim;x
3925;40;92;23;b_grear_cave;x
3926;35;134;168;b_scheschim;x
3927;83;209;81;b_vincencov;x
3928;25;150;187;b_uzjai;x
3929;40;131;171;b_easthill;x
3930;40;148;173;b_oldaltar;x
3931;53;26;95;b_garthassandur;x
3932;89;98;197;b_anyknas;x
3933;231;31;118;b_abme;x
3934;45;101;177;b_assoor;x
3935;34;99;100;b_esholm;x
3936;133;169;51;b_an_nizhem;x
3937;145;40;86;b_gdedejjah;x
3938;17;50;94;b_mahell_sahret;x
3939;164;193;97;b_qaratha;x
3940;86;99;229;b_nabadari;x
3941;205;45;194;b_manfanayat;x
3942;119;95;100;b_jumaghazi;x
3943;135;16;127;b_donlaib;x
3944;202;122;197;b_nalukla;x
3945;36;135;96;b_hasarhisar;x
3946;54;155;205;b_chorla;x
3947;186;10;10;b_heilat_ul_suqq;x
3948;102;89;211;b_jidd_aleh;x
3949;37;14;59;b_byzaropol;x
3950;131;84;44;b_iosephnthos;x
3951;171;65;146;b_ruqeh;x
3952;155;129;166;b_muqshah;x
3953;164;137;176;b_der_khulaybah;x
3954;9;55;7;b_seqariin;x
3955;153;196;42;b_zizi;x
3956;61;129;58;b_qasimueya;x
3957;123;184;229;b_ad_lirehz;x
3958;181;196;75;b_oraispol_sarradonias;x
3959;149;163;51;b_tafirada;x
3960;100;75;181;b_krasolvo;x
3961;87;136;79;b_geneigo;x
3962;90;140;81;b_sayuda;x
3963;25;43;151;b_khabarem;x
3964;53;23;108;b_zaffareh;x
3965;62;37;107;b_sediyye;x
3966;50;24;103;b_adamos;x
3967;186;53;81;b_dhrstella;x
3968;198;192;19;b_pendamdhi;x
3969;87;37;37;b_lapsista;x
3970;87;70;9;b_posine;x
3971;15;91;23;b_bva;x
3972;141;144;37;b_vrakhnaika;x
3973;255;106;253;b_ellinkastro;x
3974;70;194;154;b_vounki;x
3975;127;33;16;b_karakhsani;x
3976;100;50;155;b_cuonia;x
3977;12;199;0;b_polidhndrion;x
3978;102;16;19;b_nis;x
3979;178;114;135;b_velvtsion;x
3980;206;234;127;b_xiroptamos;x
3981;136;124;52;b_ejalifa;x
3982;65;49;8;b_pognion;x
3983;154;55;198;b_khnia;x
3984;34;104;99;b_ubahrieh;x
3985;26;79;75;b_misakhabad;x
3986;94;79;223;b_maniyyah;x
3987;188;44;44;b_umm_niqah;x
3988;111;24;24;b_rydheth_al_myuzzah;x
3989;88;144;219;b_hillaquah;x
3990;100;75;211;b_etecydi;x
3991;42;15;149;b_beni_wislehm;x
3992;150;12;12;b_vicorda;x
3993;100;50;192;b_kallistosorpol;x
3994;100;20;155;b_thegithos;x
3995;100;20;151;b_theocharistetha;x
3996;78;143;200;b_bwenduzah;x
3997;100;50;205;b_stephanianox;x
3998;200;70;19;b_ascension_gate;x
3999;227;193;49;b_sophocopol;x
4000;52;24;163;b_grareh;x
4001;177;54;217;b_siconion;x
4002;127;143;39;b_edrabh;x
4003;55;137;222;b_wadi_chaami;x
4004;155;22;110;b_shekrah;x
4005;197;77;30;b_kablalath;x
4006;113;193;89;b_otmeh;x
4007;128;80;160;b_qaliya;x
4008;16;201;36;b_sumaishiyye;x
4009;149;58;58;b_missedeh;x
4010;37;19;126;b_husseinah;x
4011;84;25;143;b_zauleth;x
4012;210;149;96;b_tebaduh;x
4013;40;70;185;b_al_qisha;x
4014;31;89;14;b_lujj_nehrembeh;x
4015;59;7;23;b_ekkis;x
4016;67;102;68;b_chouiah;x
4017;73;153;75;b_bairoukha;x
4018;101;54;147;b_shahhet;x
4019;65;113;178;b_khessek;x
4020;46;36;108;b_dhouar_ghelfat;x
4021;63;95;20;b_nibt_ul_yasmah;x
4022;7;30;83;b_amir_ul_turbah;x
4023;151;110;23;b_fawqani;x
4024;112;28;131;b_kair_el_adah;x
4025;64;46;136;b_muttradhe;x
4026;25;114;79;b_badranah;x
4027;163;33;57;b_wassarin;x
4028;18;24;140;b_langrah;x
4029;129;23;23;b_qadfih;x
4030;174;129;111;b_avabey;x
4031;62;69;147;b_ramsillah;x
4032;93;225;178;b_rifteh;x
4033;209;95;18;b_muneitra;x
4034;84;225;135;b_dheibibad;x
4035;20;33;104;b_charqiha;x
4036;21;185;177;b_adowsah;x
4037;133;72;12;b_aman;x
4038;77;25;112;b_turmusayyeh;x
4039;193;109;76;b_bideshlah;x
4040;38;50;126;b_dizeh;x
4041;191;195;215;b_barssos;x
4042;144;151;190;b_dzyrhk;x
4043;75;45;206;b_tissogos;x
4044;68;114;170;b_bergoed;x
4045;125;68;170;b_lamor;x
4046;105;125;94;b_ikelos;x
4047;105;125;54;b_grybaca;x
4048;94;89;184;b_kyparssi;x
4049;209;104;63;b_oussieh;x
4050;194;233;87;b_trelea;x
4051;191;248;32;b_eryrgos;x
4052;75;20;70;b_antoniosnthos;x
4053;58;120;170;b_lorzabad;x
4054;23;157;21;b_baehnmoh;x
4055;46;57;148;b_targadiya;x
4056;30;41;127;b_ulnitn;x
4057;104;72;80;b_al_khablah;x
4058;14;114;66;b_senuyna;x
4059;32;81;178;b_nebiorasi;x
4060;111;124;174;b_qadeiddah;x
4061;121;226;123;b_taibeh;x
4062;26;35;129;b_muaifehbad;x
4063;54;147;155;b_uwayneth;x
4064;72;89;20;b_an_nehd;x
4065;125;120;88;b_wadi_ayhmah;x
4066;115;109;72;b_wadi_sqram;x
4067;126;120;79;b_al_miriyah;x
4068;134;129;99;b_wadi_juhr;x
4069;30;22;35;b_blackfield;x
4070;53;59;42;b_louyeq_vale;x
4071;95;126;29;b_vaolith;x
4072;54;10;78;b_terrade;x
4073;78;10;31;b_iqtiya;x
4074;186;58;98;b_habriqqa;x
4075;79;169;42;b_khaifa;x
4076;115;51;177;b_beni_minaht;x
4077;181;139;27;b_zantoch;x
4078;144;164;229;b_douar_haimah;x
4079;45;205;202;b_qasr_mouhmat;x
4080;71;49;94;b_mughayyah;x
4081;77;189;173;b_kalaat_es_mehnam;x
4082;70;11;93;b_drywell;x
4083;150;58;186;b_undeng;x
4084;29;30;33;b_toido;x
4085;40;10;49;b_kuwhi;x
4086;49;10;10;b_mibodu;x
4087;135;153;55;b_syenaneh;x
4088;102;119;218;b_mehmeyd;x
4089;31;103;33;b_yahiwa;x
4090;67;59;172;b_mawal_nahmi;x
4091;170;165;42;b_nalah_el_bari;x
4092;22;92;119;b_yermak;x
4093;124;79;11;b_khibilah;x
4094;177;145;197;b_an_nelluan;x
4095;29;119;19;b_tezhgha;x
4096;55;41;103;b_mekhetriayyeh;x
4097;53;20;164;b_misr_ul_ghilili;x
4098;16;38;61;b_huzukes;x
4099;24;103;186;b_sulaymaniyan;x
4100;170;217;234;b_sumayim;x
4101;93;11;11;b_adria;x
4102;72;221;88;b_khefri_al_humr;x
4103;73;193;49;b_al_zalwan;x
4104;82;219;54;b_rumaiwadmi;x
4105;155;41;87;b_al_nannish;x
4106;39;152;62;b_tall_qaila;x
4107;39;122;22;b_marhiqbanah;x
4108;39;59;123;b_al_nadani;x
4109;106;147;26;b_gelehisar;x
4110;39;194;115;b_lazzan;x
4111;37;164;166;b_al_annatra;x
4112;122;38;116;b_quehta;x
4113;58;69;136;b_lejumaj;x
4114;17;23;57;b_budaarya;x
4115;136;86;173;b_maghasna;x
4116;90;20;55;b_yareeq;x
4117;26;145;147;b_yaqraa;x
4118;15;103;104;b_haishah;x
4119;41;172;174;b_habadschil;x
4120;86;15;15;b_abu_hater;x
4121;12;86;36;b_kemerdi;x
4122;54;63;189;b_baijiya;x
4123;8;33;78;b_golbangan;x
4124;128;63;24;b_khabaliyah;x
4125;17;65;35;b_tal_lagazi;x
4126;86;147;173;b_aharis;x
4127;163;139;13;b_kiziceli;x
4128;92;14;14;b_sirindost;x
4129;74;20;150;b_smyfiphos;x
4130;76;20;150;b_olysike;x
4131;140;72;135;b_el_ghazar;x
4132;83;20;150;b_blenox;x
4133;101;34;119;b_horologion;x
4134;168;65;11;b_orita;x
4135;119;210;2;b_rabidameih;x
4136;77;67;17;b_juhamalut;x
4137;30;61;116;b_parsarman;x
4138;37;144;49;b_adarha_naydan;x
4139;205;87;169;b_aligheh;x
4140;203;84;0;b_qatimloj;x
4141;196;50;42;b_umm_qasiyyah;x
4142;36;155;145;b_qawain;x
4143;103;33;46;b_as_samawja;x
4144;190;176;225;b_el_ariris;x
4145;121;45;160;b_rhitholgi;x
4146;76;55;128;b_latafita;x
4147;9;95;102;b_bulankaya;x
4148;58;8;107;b_modis;x
4149;152;164;62;b_bonahan;x
4150;194;53;93;b_awjikla;x
4151;32;41;126;b_mantah;x
4152;187;40;207;b_mashadu;x
4153;35;46;111;b_anria;x
4154;46;58;129;b_oulad_bou_hadda;x
4155;32;197;116;b_farkla;x
4156;170;25;49;b_ghanjeb;x
4157;61;139;128;b_tabahit;x
4158;155;76;53;b_paeeis;x
4159;112;117;66;b_adaysh;x
4160;181;53;77;b_dughaysh;x
4161;110;159;218;b_geli;x
4162;13;137;31;b_nushur;x
4163;138;130;188;b_bani_al_fulayhi;x
4164;50;97;153;b_ouardannt;x
4165;113;20;202;b_tadniet;x
4166;28;100;118;b_rantaral;x
4167;56;115;219;b_qaryat_ruw;x
4168;89;90;24;b_home_alcove;x
4169;214;243;247;b_gangronesos;x
4170;42;18;16;b_ficova_;x
4171;123;48;38;b_tanar;x
4172;25;91;207;b_karzah;x
4173;40;17;86;b_hallaloc;x
4174;223;49;195;b_al_hubish;x
4175;40;166;86;b_tolhuna;x
4176;22;36;92;b_er_rahaber;x
4177;66;218;74;b_sarasta;x
4178;193;182;27;b_at_tariya;x
4179;38;107;6;b_astajeran;x
4180;26;39;164;b_jumaji;x
4181;64;20;150;b_oseiike;x
4182;114;20;131;b_the_eye;x
4183;73;13;84;b_aegdia;x
4184;17;75;31;b_marmakiyah;x
4185;11;26;111;b_najadin;x
4186;100;85;76;b_mymephon;x
4187;25;45;155;b_demetrioseos;x
4188;18;9;58;b_oruris;x
4189;33;43;100;b_ramsarveh;x
4190;29;38;86;b_bidayea;x
4191;125;85;61;b_rhessonos;x
4192;168;82;197;b_mshakkan;x
4193;25;45;157;b_thomassosi;x
4194;25;45;221;b_chithice;x
4195;122;159;24;b_hwiesdonitz;x
4196;81;4;29;b_pruiye;x
4197;129;50;181;b_burrasaniyah;x
4198;142;163;93;b_thendes;x
4199;136;35;174;b_el_delemiya;x
4200;16;40;8;b_kto_mtikas;x
4201;80;104;11;b_stephaniaopol;x
4202;11;138;113;b_theantha;x
4203;100;50;171;b_olymce;x
4204;107;91;34;b_drakonton;x
4205;25;45;145;b_sybepoli;x
4206;25;125;55;b_cublana;x
4207;25;45;156;b_nikodemosnox;x
4208;8;82;33;b_hematite_sanctum_of_the_ranger_ameline;x
4209;25;45;165;b_zarima;x
4210;25;45;146;b_sepoara;x
4211;27;128;39;b_ibhafs;x
4212;0;162;150;b_magazi;x
4213;25;125;146;b_romanena;x
4214;98;138;46;b_nuzithah;x
4215;36;11;16;b_maribanah;x
4216;173;37;72;b_tabarahan;x
4217;77;38;174;b_firous;x
4218;176;75;0;b_beni_sunayat;x
4219;255;108;0;b_al_kihr;x
4220;94;30;42;b_sirghayamayn;x
4221;25;185;103;b_balaji;x
4222;25;45;158;b_governors_palace;x
4223;216;20;106;b_crownharbor;x
4224;125;85;110;b_weeping_stone;x
4225;58;81;27;b_blackstone_keep;x
4226;74;119;36;b_tel_ketba;x
4227;115;152;75;b_al_abibam;x
4228;45;73;35;b_corsairs_regret;x
4229;94;156;40;b_baquwah;x
4230;35;57;27;b_olutpasa;x
4231;43;87;75;b_kumacevaz;x
4232;13;13;85;b_el_manuris;x
4233;61;61;165;b_baljudina;x
4234;125;20;164;b_heris;x
4235;170;37;217;b_al_qusafira;x
4236;48;11;139;b_safabaroh;x
4237;105;125;10;b_karzon;x
4238;155;185;25;b_al_zakhit;x
4239;124;144;35;b_burairmah;x
4240;54;152;85;b_ramadin;x
4241;108;224;255;b_al_jaferraz;x
4242;182;43;152;b_tall_hillamadi;x
4243;137;50;196;b_nebiondira;x
4244;124;156;105;b_al_diwakrit;x
4245;149;217;109;b_aswasuf;x
4246;199;171;122;b_al_ghaiwi;x
4247;7;0;254;b_al_faqihr;x
4248;203;125;38;b_lahyrst;x
4249;160;108;73;b_en_nusriqarrah;x
4250;166;15;15;b_kitathbah;x
4251;121;184;35;b_dubayyah;x
4252;38;26;139;b_ed_mouhike;x
4253;80;68;188;b_tabyriyye;x
4254;156;94;52;b_aghbat_i_denibad;x
4255;124;137;27;b_leviathan;x
4256;29;60;11;b_serpents_reed;x
4257;255;99;125;b_sunken_tell;x
4258;235;71;88;b_abbasmillah;x
4259;22;31;129;b_zokah_et_temen;x
4260;27;98;137;b_mahmanna;x
4261;159;56;193;b_fi_brilma;x
4262;215;173;242;b_misahkul;x
4263;246;118;132;b_zanbulaqah;x
4264;231;136;146;b_jebaliyyeh;x
4265;34;117;147;b_qadied;x
4266;196;110;219;b_laqrah;x
4267;118;99;197;b_el_msufiyyin;x
4268;211;164;240;b_zirandrey;x
4269;78;40;14;b_udullah;x
4270;111;18;111;b_salmi;x
4271;132;159;15;b_ghuriah_duryat;x
4272;65;82;177;b_gharafat_al_muya;x
4273;71;92;35;b_an_nezlah;x
4274;59;103;102;b_arrun;x
4275;225;112;219;b_nisulghah;x
4276;22;150;176;b_mordari_boghdalaniye;x
4277;105;191;209;b_uadnah;x
4278;21;111;45;b_nou_qualah;x
4279;83;67;45;b_tyrants_tell;x
4280;172;51;11;b_gawold;x
4281;114;217;49;b_umm_khalej;x
4282;23;49;14;b_adweyvat;x
4283;53;23;178;b_derj;x
4284;74;184;104;b_ulad_maasa;x
4285;61;83;45;b_yasqut;x
4286;24;96;60;b_qabilat_saalma;x
4287;44;98;31;b_fakht_in_nuul;x
4288;38;123;153;b_er_rebbuneh;x
4289;167;189;46;b_madi_quaed;x
4290;57;106;222;b_al_khamt_ul_wabaash;x
4291;26;51;110;b_derb_ej_jabbih;x
4292;64;68;151;b_mer_kebir;x
4293;142;37;196;b_zur_maydagh;x
4294;62;101;49;b_urm_kur;x
4295;124;151;64;b_beit_al_meret;x
4296;19;163;30;b_mawirbad;x
4297;149;58;21;b_nehmeyyiye;x
4298;140;28;28;b_wadi_debbah;x
4299;115;26;26;b_ihsan_ul_awlah;x
4300;189;55;30;b_misrabad;x
4301;39;104;118;b_usat_bin_burayk;x
4302;43;152;143;b_douar_behnef;x
4303;168;69;59;b_neapinda;x
4304;22;34;67;b_amphai;x
4305;90;34;115;b_phaistollonia;x
4306;74;84;145;b_rhithyreum;x
4307;109;39;128;b_lamouniah;x
4308;0;187;226;b_aynaws;x
4309;133;82;147;b_el_menasryah;x
4310;151;108;188;b_hencherah;x
4311;123;90;18;b_al_fuhreh;x
4312;142;23;174;b_il_besbe;x
4313;99;125;37;b_old_merud;x
4314;55;208;221;b_new_merud;x
4315;32;156;166;b_begho_chelaix;x
4316;221;122;55;b_bin_jalleh;x
4317;121;47;111;b_legokith;x
4318;94;118;21;b_hamrirah;x
4319;15;206;74;b_freraswiyyin;x
4320;24;140;149;b_rustirat;x
4321;15;12;65;b_legeatlan;x
4322;107;101;20;b_zallama;x
4323;85;53;137;b_sem;x
4324;85;12;64;b_baya;x
4325;54;107;127;b_ladyah;x
4326;15;100;80;b_kusajzah;x
4327;48;98;47;b_qamsajan;x
4328;50;111;21;b_damashniyah;x
4329;100;75;11;b_abu_qirshut;x
4330;164;207;28;b_sirazaid;x
4331;169;28;207;b_naqadah;x
4332;12;65;53;b_as_sirassa;x
4333;36;143;72;b_wadi_al_lajbit;x
4334;222;203;139;b_ard_al_maarif;x
4335;124;99;11;b_ghalrakiyyin;x
4336;42;54;166;b_quariyya_i_hussayn;x
4337;96;94;16;b_gajimah;x
4338;77;127;104;b_hautad_madwar;x
4339;142;153;27;b_kharej;x
4340;11;29;3;b_bir_al_ithiin;x
4341;125;133;43;b_quwut;x
4342;152;173;33;b_sabuya;x
4343;123;151;138;b_faweer;x
4344;19;124;18;b_suriyat;x
4345;12;35;52;b_mehair;x
4346;122;0;38;b_ramsandaj;x
4347;15;52;128;b_abu_sudh;x
4348;39;140;94;b_kematalan;x
4349;140;25;61;b_sidilqas;x
4350;81;13;34;b_muzadah;x
4351;212;83;22;b_bahabeh;x
4352;164;40;198;b_dubabha;x
4353;122;47;143;b_as_susa;x
4354;129;39;39;b_tell_khasiyyah;x
4355;171;185;38;b_aban;x
4356;67;96;36;b_eyangang;x
4357;14;203;59;b_hafr_al_muettin;x
4358;94;198;120;b_hefaf;x
4359;72;155;117;b_al_luth;x
4360;33;135;88;b_maqaqa;x
4361;86;7;33;b_tarqifah;x
4362;226;137;166;b_muqbah;x
4363;29;149;94;b_khett;x
4364;7;61;20;b_al_myaham;x
4365;41;165;101;b_neyran;x
4366;26;110;47;b_khadeimeh;x
4367;131;42;184;b_zoyayana;x
4368;47;134;12;b_baryaan;x
4369;34;86;9;b_gerekoyunlu;x
4370;52;58;159;b_izkat;x
4371;132;29;29;b_tell_kirah;x
4372;20;62;112;b_rawdat_murata;x
4373;161;47;134;b_qalwayth;x
4374;102;135;29;b_al_hajarah;x
4375;3;6;29;b_bab_rayyasigh;x
4376;47;56;161;b_kidwy;x
4377;46;127;13;b_ghareed_rinwan;x
4378;20;13;127;b_jelaldan;x
4379;25;111;48;b_fibufa;x
4380;207;79;50;b_nayah;x
4381;50;199;90;b_mudir;x
4382;132;78;24;b_dibbufi;x
4383;213;183;54;b_adehidah;x
4384;65;85;22;b_al_maralla;x
4385;169;105;75;b_el_ghakh;x
4386;14;80;196;b_sohalah;x
4387;185;88;37;b_khallast;x
4388;112;94;15;b_mhatina;x
4389;17;99;98;b_al_mararim;x
4390;149;77;39;b_khor_liwebat;x
4391;24;43;122;b_dumabiya;x
4392;22;58;206;b_tabnayyet;x
4393;64;56;180;b_crililith;x
4394;129;41;153;b_uttana;x
4395;255;45;83;b_bahashtar;x
4396;75;181;186;b_brodayma;x
4397;57;67;166;b_jubaha;x
4398;160;189;71;b_al_barima;x
4399;110;159;27;b_nahask;x
4400;116;88;36;b_sanaiya;x
4401;26;70;106;b_qawiydar;x
4402;82;149;35;b_halat;x
4403;42;78;20;b_jana;x
4404;46;35;192;b_shamu;x
4405;128;69;97;b_abdous;x
4406;226;129;73;b_dal_sul;x
4407;76;209;120;b_al_shaqin;x
4408;30;43;170;b_bahrurah;x
4409;10;70;69;b_tall_umiyyah;x
4410;41;137;52;b_hanaz;x
4411;123;45;152;b_dikis_salar;x
4412;64;147;168;b_baniyah;x
4413;19;97;116;b_sururaq;x
4414;98;215;25;b_rawdat_aziza;x
4415;65;110;163;b_abu_hulawein;x
4416;171;173;89;b_zundiyah;x
4417;127;34;13;b_zali;x
4418;75;19;6;b_hadina;x
4419;20;160;132;b_buralla;x
4420;25;125;131;b_khayrodous;x
4421;125;85;75;b_thaykharis;x
4422;105;125;108;b_madinat_dimyan;x
4423;105;125;110;b_filibayyus;x
4424;55;147;163;b_kharzam;x
4425;104;32;206;b_tall_diwawah;x
4426;131;51;31;b_ibraireb;x
4427;71;189;132;b_yesjayyan;x
4428;198;0;36;b_turahat;x
4429;82;25;13;b_mahmunbeylik;x
4430;255;20;63;b_qarmuz;x
4431;177;152;24;b_zilat;x
4432;153;45;22;b_hossha;x
4433;104;73;88;b_yafahnu;x
4434;136;133;252;b_al_qubur_al_mumhaat;x
4435;43;62;143;b_masat;x
4436;197;33;63;b_lernersi;x
4437;32;198;112;b_surraby;x
4438;153;19;115;b_lone_mir;x
4439;42;0;122;b_et_gih;x
4440;144;53;0;b_qatrazioun;x
4441;20;69;42;b_atya;x
4442;34;196;58;b_ouatorei;x
4443;56;94;145;b_breelbi;x
4444;127;178;150;b_dirsdour;x
4445;139;136;125;b_sanhaab;x
4446;188;106;107;b_dabat;x
4447;34;135;124;b_qomer;x
4448;207;50;84;b_al_b_ban;x
4449;149;151;101;b_ha_hai;x
4450;119;11;35;b_zelzahan;x
4451;58;43;6;b_beisher;x
4452;41;152;29;b_tubliadi;x
4453;96;173;87;b_bathutayr;x
4454;111;211;104;b_sennhriye;x
4455;170;70;33;b_yseha;x
4456;106;20;150;b_armoris;x
4457;44;137;67;b_herjdar;x
4458;121;117;2;b_keford;x
4459;36;90;84;b_therha;x
4460;74;153;19;b_taduy;x
4461;124;174;80;b_dawwaalima;x
4462;37;3;18;b_delymp;x
4463;133;129;1;b_sourmin;x
4464;94;81;13;b_ouryamin;x
4465;33;112;116;b_iyyatin;x
4466;139;123;47;b_aeotriqqad;x
4467;87;84;2;b_aressa;x
4468;118;114;2;b_crystalglass;x
4469;92;18;57;b_aarlahti;x
4470;70;166;47;b_merzoleli;x
4471;31;77;40;b_pusattuh;x
4472;164;138;48;b_ej_jlewala;x
4473;177;128;99;b_almaala;x
4474;215;99;30;b_talabinah;x
4475;96;86;30;b_etga_taa;x
4476;213;109;63;b_wanab;x
4477;197;115;78;b_kisraqr;x
4478;82;159;72;b_zurala;x
4479;21;66;43;b_bhoanta;x
4480;209;170;34;b_karbmedia;x
4481;127;86;201;b_nabina;x
4482;186;25;25;b_kufaafsia;x
4483;36;9;25;b_spolech;x
4484;114;9;102;b_mosae;x
4485;89;91;20;b_frn_nil;x
4486;150;1;21;b_afoveth;x
4487;113;5;84;b_gwerard;x
4488;164;79;41;b_mohllu;x
4489;105;125;168;b_rhonaea;x
4490;120;97;45;b_jermani;x
4491;102;22;69;b_tawajani;x
4492;89;40;1;b_jwan;x
4493;191;45;206;b_gharsis;x
4494;77;19;19;b_sayyh;x
4495;178;140;181;b_qawiyah;x
4496;18;195;0;b_bu_uwais;x
4497;174;28;13;b_el_lonniye;x
4498;100;50;70;b_rhoadpoliss;x
4499;143;96;20;b_gasirya;x
4500;168;112;20;b_hamarab;x
4501;218;85;180;b_dazitah;x
4502;133;29;170;b_mahdany;x
4503;59;144;38;b_wazsali;x
4504;209;45;162;b_medesvskiy;x
4505;211;49;165;b_tageisah;x
4506;210;204;159;b_esh_rkent;x
4507;187;133;171;b_hidushra;x
4508;174;95;69;b_kornir;x
4509;180;80;85;b_roumkoye;x
4510;192;52;53;b_tamrouk;x
4511;135;121;45;b_bhabal;x
4512;192;104;0;b_duhamie;x
4513;212;137;212;b_qorhta;x
4514;68;33;1;b_marblemill;x
4515;22;23;107;b_azzarak;x
4516;166;135;91;b_birkir;x
4517;143;99;36;b_qawz_hara;x
4518;62;45;20;b_manzadif;x
4519;75;45;138;b_barad;x
4520;125;85;26;b_orestesornos;x
4521;50;69;214;b_irmuk;x
4522;98;26;152;b_thumabane;x
4523;114;33;176;b_jurdlifa;x
4524;151;39;193;b_ad_dappe;x
4525;87;52;12;b_yarhumm;x
4526;74;40;10;b_ayaban;x
4527;145;82;27;b_altisli;x
4528;68;26;100;b_bodurmdun;x
4529;69;15;15;b_biheira;x
4530;111;59;13;b_gorenja_koS_ana;x
4531;53;173;75;b_mrah_nito;x
4532;56;181;78;b_bardsadan;x
4533;60;178;50;b_aaalle;x
4534;131;61;25;b_kouent;x
4535;186;69;9;b_buqi;x
4536;217;50;214;b_siyrr;x
4537;47;133;33;b_ahmedkamil;x
4538;58;14;26;b_al_qauwah;x
4539;128;122;30;b_bastilyas;x
4540;41;107;14;b_sedjakr;x
4541;25;45;100;b_polykarposna;x
4542;71;97;178;b_huyyidi;x
4543;135;53;26;b_myid;x
4544;237;117;84;b_sakkurs_pass;x
4545;11;70;25;b_saluraoy;x
4546;212;179;215;b_taawqa;x
4547;149;135;42;b_boouta;x
4548;134;210;55;b_crabun;x
4549;110;50;20;b_taqret;x
4550;31;90;30;b_kafiche;x
4551;201;94;38;b_girldala;x
4552;28;83;28;b_esh_stepa;x
4553;103;97;11;b_zaueshik;x
4554;180;162;42;b_huwaiocu;x
4555;71;165;63;b_el_caysah;x
4556;168;165;122;b_shwanuri;x
4557;230;91;91;b_milani;x
4558;25;45;201;b_lofasosi;x
4559;100;15;91;b_helenethos;x
4560;36;3;14;b_roseway;x
4561;28;102;23;b_enresid;x
4562;4;94;15;b_kethyya;x
4563;151;104;28;b_fafsun;x
4564;105;125;159;b_ioya;x
4565;23;8;4;b_vimia;x
4566;139;33;71;b_abawadd;x
4567;52;56;3;b_ulalewan;x
4568;125;85;236;b_eutr_add;x
4569;100;50;126;b_phodyil;x
4570;182;86;21;b_yatthaz;x
4571;151;5;119;b_kaardowin;x
4572;47;133;16;b_kaqin;x
4573;124;38;38;b_giwan;x
4574;159;109;206;b_tirtiaali;x
4575;104;104;26;b_dazhel;x
4576;136;73;194;b_zaaibthah;x
4577;126;114;13;b_berqaize;x
4578;42;225;72;b_saasasab;x
4579;26;165;215;b_khanawa;x
4580;214;43;133;b_as_sufji;x
4581;182;29;56;b_tamelwan;x
4582;62;65;214;b_hotakhwah;x
4583;17;200;26;b_porchen;x
4584;64;48;203;b_mneebk;x
4585;210;118;63;b_al_balirut;x
4586;46;17;62;b_nawafita;x
4587;196;99;156;b_edepam;x
4588;74;57;126;b_antipatraeras;x
4589;71;139;29;b_nipudu;x
4590;116;215;53;b_menoran;x
4591;92;192;45;b_ramabala;x
4592;151;50;21;b_payi;x
4593;120;143;58;b_dogapam;x
4594;91;96;36;b_amah;x
4595;128;138;37;b_obeng;x
4596;30;83;160;b_adefal;x
4597;139;20;68;b_al_tushna;x
4598;139;33;206;b_bajirbah;x
4599;65;97;245;b_nikaretenox;x
4600;111;13;192;b_hermosan;x
4601;48;203;229;b_ar_rahimnat;x
4602;14;31;61;b_pinussae;x
4603;229;43;50;b_tall_khatbah;x
4604;205;38;45;b_mikhit;x
4605;165;181;73;b_ridabanah;x
4606;77;112;35;b_thassamnus;x
4607;104;65;182;b_jouaaba;x
4608;40;15;131;b_payakese;x
4609;239;87;175;b_al_ghatra;x
4610;102;130;21;b_eltun;x
4611;186;44;210;b_zaheldasht;x
4612;101;178;54;b_faradmi;x
4613;96;182;60;b_junalikiyah;x
4614;110;65;14;b_saidal;x
4615;130;21;57;b_isish;x
4616;36;159;149;b_zabayah;x
4617;196;116;26;b_vine;x
4618;11;22;35;b_etigocien;x
4619;29;125;10;b_gwedrich;x
4620;183;197;34;b_sadayamayn;x
4621;83;64;9;b_adrearic;x
4622;189;154;114;b_al_olahah;x
4623;153;202;14;b_priwiel;x
4624;111;142;21;b_eowendanad;x
4625;42;13;57;b_edendath;x
4626;113;19;62;b_ciraseth;x
4627;222;62;135;b_themos;x
4628;155;32;219;b_oniret;x
4629;110;44;100;b_boydjani;x
4630;194;60;175;b_belhin;x
4631;177;63;29;b_beitafs;x
4632;220;163;212;b_jatahta;x
4633;186;74;170;b_roummaya;x
4634;101;182;31;b_dar_bif;x
4635;69;103;40;b_wurdiqqi;x
4636;79;19;19;b_abuyrat;x
4637;147;100;52;b_oqterawit;x
4638;96;78;58;b_bayt_atara;x
4639;15;90;28;b_mazraadar;x
4640;162;143;37;b_ghudaiovul;x
4641;27;161;50;b_baouariha;x
4642;99;30;100;b_umakriq;x
4643;190;113;37;b_bayuche;x
4644;238;37;32;b_redcoast;x
4645;8;221;76;b_shaala;x
4646;23;61;11;b_jupper;x
4647;87;26;123;b_el_aaarasi;x
4648;180;118;151;b_gorgiliki;x
4649;161;40;166;b_edendaria;x
4650;78;19;79;b_hilluth;x
4651;97;196;111;b_chebtira;x
4652;63;12;12;b_darekurah;x
4653;155;108;73;b_banabaa;x
4654;7;157;32;b_hai_eellaq;x
4655;11;89;24;b_koallu;x
4656;30;86;11;b_yamil;x
4657;164;120;25;b_bambtouta;x
4658;108;32;41;b_jennechaib;x
4659;63;184;182;b_assoupoli;x
4660;185;21;52;b_el__rya;x
4661;21;119;34;b_hujqqa;x
4662;178;20;156;b_maisa;x
4663;37;100;27;b_chapwagih;x
4664;100;19;136;b_burballis;x
4665;238;198;173;b_bir_kwah;x
4666;215;43;113;b_buriamis;x
4667;159;70;153;b_kuiqas;x
4668;138;119;214;b_zaqayel;x
4669;89;79;48;b_umm_sura;x
4670;67;196;42;b_leslis;x
4671;202;127;88;b_qasytha;x
4672;80;190;83;b_kefrarova;x
4673;124;187;39;b_dehala;x
4674;190;167;46;b_sardul;x
4675;201;107;43;b_jarjane;x
4676;34;111;57;b_diryays;x
4677;164;23;39;b_brechahidj;x
4678;145;44;29;b_ghuumbaz;x
4679;149;82;97;b_ku;x
4680;103;112;32;b_wisama;x
4681;43;99;35;b_tiereaha;x
4682;184;79;38;b_talseis;x
4683;92;28;135;b_el_hnane;x
4684;255;32;109;b_serrirusah;x
4685;220;23;207;b_ar_rasiyah;x
4686;106;94;24;b_as_sjasra;x
4687;205;86;143;b_oranissoa;x
4688;33;99;40;b_karabrdehe;x
4689;190;210;39;b_ulbata;x
4690;128;125;54;b_sukraabe;x
4691;237;113;232;b_kuibhmat;x
4692;176;175;21;b_jasaibrech;x
4693;161;176;109;b_hammahmah;x
4694;177;88;59;b_gotraye;x
4695;17;62;78;b_ratoouir;x
4696;82;119;79;b_hennsah;x
4697;250;173;129;b_pshakhala;x
4698;114;30;203;b_jaytyyah;x
4699;235;155;56;b_faircoast;x
4700;128;77;15;b_aiared;x
4701;166;93;34;b_tubanah;x
4702;203;86;108;b_qarnajisr;x
4703;112;164;180;b_sheita;x
4704;56;152;37;b_khor_mira;x
4705;29;86;35;b_koktani;x
4706;174;97;44;b_hmekinta;x
4707;69;193;113;b_aj_jkihek;x
4708;182;51;183;b_el_ga_reiya;x
4709;13;64;28;b_irtour;x
4710;153;149;43;b_kety;x
4711;73;28;25;b_bylbia;x
4712;111;74;97;b_sidouane;x
4713;159;150;31;b_adymxi;x
4714;169;114;110;b_utitn;x
4715;41;170;15;b_norresos;x
4716;155;61;30;b_magala;x
4717;39;96;28;b_silgaga;x
4718;74;51;39;b_thapsir;x
4719;94;6;61;b_malacru;x
4720;227;217;75;b_adyxus;x
4721;230;204;156;b_srbtw;x
4722;255;76;212;b_onozi;x
4723;206;40;76;b_zirat;x
4724;113;126;19;b_bylbouane;x
4725;221;235;117;b_ktagit;x
4726;92;51;32;b_lixora;x
4727;64;188;67;b_noxa;x
4728;34;96;24;b_srbaca;x
4729;71;21;16;b_hipossim;x
4730;197;206;40;b_thapoea;x
4731;104;33;44;b_sibyl;x
4732;53;32;98;b_rif_safa;x
4733;147;5;135;b_winterley;x
4734;101;7;84;b_asaynna;x
4735;21;9;6;b_keannor;x
4736;125;85;140;b_isidorosnthos;x
4737;124;40;48;b_al_ibrahel;x
4738;125;85;222;b_chleene;x
4739;25;85;35;b_adnkis;x
4740;100;75;192;b_gorcaz;x
4741;83;3;52;b_deford;x
4742;172;59;69;b_al_mabigh;x
4743;118;8;101;b_airedale;x
4744;23;0;1;b_adwelikith;x
4745;32;20;5;b_adwirewia;x
4746;100;50;121;b_nearhath;x
4747;25;85;107;b_romanossoa;x
4748;25;45;196;b_posthios;x
4749;178;106;36;b_alexeiaeos;x
4750;98;10;10;b_royoa;x
4751;116;2;95;b_hunjhandri;x
4752;70;3;51;b_rusakhn;x
4753;125;85;146;b_kedyoe;x
4754;25;45;198;b_leontiaopol;x
4755;125;85;115;b_aralon;x
4756;65;2;1;b_chixolot;x
4757;146;129;1;b_pemoor;x
4758;100;10;61;b_pavlinasosi;x
4759;114;1;61;b_pirn;x
4760;75;45;201;b_topixeos;x
4761;114;3;99;b_bolza;x
4762;125;85;186;b_ocuryns;x
4763;105;125;8;b_pelchoxon;x
4764;75;30;130;b_akiofos;x
4765;75;20;75;b_sekita;x
4766;127;65;40;b_sayynam;x
4767;229;215;48;b_sarrum_attabai;x
4768;219;77;214;b_sarrum;x
4769;67;174;201;b_aberkan_temnwiyt;x
4770;25;85;160;b_emestus;x
4771;167;174;89;b_naghahreza;x
4772;104;33;14;b_allaraq;x
4773;149;160;33;b_kamarmuslu;x
4774;25;85;56;b_samuelthos;x
4775;24;11;5;b_gworesean;x
4776;201;180;70;b_khashah;x
4777;98;92;2;b_cahyrst;x
4778;91;96;28;b_sihnaliyah;x
4779;99;96;5;b_eppon;x
4780;24;7;14;b_wyham;x
4781;174;34;47;b_saimailah;x
4782;20;21;0;b_araliwyr;x
4783;75;30;125;b_theophiloseras;x
4784;23;12;7;b_firecan;x
4785;100;50;145;b_asrah;x
4786;25;45;210;b_olkese;x
4787;169;73;22;b_amphespontos;x
4788;25;45;220;b_drytaoe;x
4789;125;85;215;b_sibyllapolis;x
4790;211;24;24;b_dorepios;x
4791;141;151;223;b_dayyab;x
4792;112;41;60;b_samsanar;x
4793;219;147;84;b_sanariyah;x
4794;25;125;211;b_karroeis;x
4795;25;45;111;b_posysna;x
4796;53;50;3;b_uterayerabu;x
4797;33;28;4;b_ar_aradun;x
4798;23;2;2;b_hiyy;x
4799;91;29;41;b_syc;x
4800;20;19;3;b_nydoameth;x
4801;75;20;82;b_adrianoseos;x
4802;168;92;68;b_hiythun;x
4803;25;125;235;b_vathenao;x
4804;127;51;26;b_ctehok;x
4805;14;230;92;b_muzazan;x
4806;135;131;3;b_adunwan;x
4807;172;60;105;b_halayji;x
4808;23;152;70;b_rumaiydah;x
4809;105;23;2;b_dimar;x
4810;205;103;14;b_sihnarera;x
4811;95;95;25;b_sirra;x
4812;66;181;90;b_al_yafezan;x
4813;42;132;86;b_queirine;x
4814;133;29;14;b_appensmont;x
4815;38;87;139;b_rejataen;x
4816;52;120;219;b_el_thoukh;x
4817;54;229;193;b_gonarveh;x
4818;163;88;63;b_hurasumah;x
4819;125;85;170;b_leontiosdothex;x
4820;105;125;165;b_iakobossosi;x
4821;21;1;2;b_egion;x
4822;53;5;41;b_kikovac;x
4823;100;15;80;b_iakobosornos;x
4824;100;50;116;b_dryaniusmara;x
4825;25;85;96;b_vreculia;x
4826;53;0;19;b_tabur;x
4827;25;85;91;b_cuyddi;x
4828;25;85;122;b_mythx;x
4829;50;44;2;b_tilcuito;x
4830;105;125;205;b_joba;x
4831;129;25;25;b_driyy_m;x
4832;148;63;19;b_im;x
4833;216;218;124;b_iyoba;x
4834;37;83;21;b_qurdann;x
4835;176;147;46;b_iyzak;x
4836;174;46;146;b_hub_abi;x
4837;41;59;8;b_ahrasak;x
4838;25;125;190;b_paeraro;x
4839;100;10;55;b_emkhonus;x
4840;125;85;165;b_nikolaosdothex;x
4841;100;85;6;b_chirhaoe;x
4842;46;203;34;b_wisltayn;x
4843;72;9;57;b_corinna;x
4844;125;85;156;b_eunikearax;x
4845;198;113;48;b_sakmine;x
4846;92;14;55;b_fridda;x
4847;52;105;90;b_oathara;x
4848;48;0;30;b_sakkouh;x
4849;75;20;87;b_quanthala;x
4850;87;89;190;b_al_muthamm;x
4851;223;91;161;b_sorramdaa;x
4852;25;45;91;b_hytha;x
4853;135;84;27;b_kazzak;x
4854;44;86;48;b_zirhaj_nibu;x
4855;23;88;94;b_jaaa_yangsm;x
4856;25;125;136;b_taydres;x
4857;149;4;137;b_ashud;x
4858;80;9;72;b_sarrow;x
4859;105;125;204;b_athran;x
4860;131;86;168;b_sirha;x
4861;56;139;111;b_eoithic_waste;x
4862;17;4;4;b_bado;x
4863;25;85;133;b_athanasiossosi;x
4864;54;4;1;b_jaujameb;x
4865;25;85;132;b_olenae;x
4866;105;125;170;b_miligos;x
4867;25;8;16;b_senitry;x
4868;119;5;1;b_dryndlu;x
4869;82;77;54;b_istbil;x
4870;161;120;79;b_fafouinah;x
4871;125;171;219;b_yezzel;x
4872;71;164;48;b_zellamurah;x
4873;105;125;209;b_serythai;x
4874;66;144;155;b_ashrum;x
4875;23;12;9;b_olemeth;x
4876;25;125;171;b_arjun;x
4877;240;0;67;b_al_jahama;x
4878;173;3;141;b_ar_riirbah;x
4879;61;162;168;b_sayyai;x
4880;25;85;86;b_anlres;x
4881;13;20;0;b_sayv;x
4882;25;85;95;b_kzak;x
4883;25;125;191;b_grybara;x
4884;105;125;169;b_ioannikioseras;x
4885;24;61;15;b_kailara;x
4886;132;130;6;b_blackbeach;x
4887;37;20;5;b_amacum;x
4888;38;1;4;b_norbeach;x
4889;104;105;6;b_shadowcoast;x
4890;172;171;39;b_hayyad;x
4891;36;133;135;b_maletinoi;x
4892;91;213;203;b_almon;x
4893;117;189;147;b_planig;x
4894;160;172;36;b_prongon;x
4895;62;29;87;b_zibisschlag;x
4896;188;76;33;b_gnthi;x
4897;133;0;118;b_umeider;x
4898;69;76;201;b_marai;x
4899;153;81;26;b_neokaisreia;x
4900;100;20;121;b_theodouloseia;x
4901;25;45;235;b_theapolis;x
4902;25;85;11;b_coonnia;x
4903;100;20;140;b_thergas;x
4904;100;20;106;b_romanearaxs;x
4905;25;85;46;b_kyriakenox;x
4906;100;20;110;b_kephethon;x
4907;14;81;22;b_coldwynne;x
4908;208;41;41;b_cerralla;x
4909;164;86;41;b_cisia;x
4910;64;164;41;b_shadowwinter;x
4911;61;47;7;b_eowaenia;x
4912;179;87;69;b_bluegrass;x
4913;144;130;38;b_wolfmill;x
4914;38;144;110;b_newham;x
4915;81;75;14;b_crerakin;x
4916;7;61;19;b_zyswen;x
4917;7;61;59;b_millland;x
4918;83;139;32;b_gymas;x
4919;32;50;139;b_sevaeth;x
4920;87;37;95;b_aboar;x
4921;95;37;37;b_chelarien;x
4922;37;95;82;b_legerac;x
4923;41;69;208;b_trayb;x
4924;118;52;136;b_westerfall;x
4925;38;144;51;b_unerama;x
4926;169;131;56;b_brakoumdhion;x
4927;21;49;219;b_seythisvik;x
4928;69;255;80;b_spiliazza;x
4929;44;124;153;b_prna;x
4930;148;87;48;b_laenteglos;x
4931;88;50;25;b_boyford;x
4932;202;70;29;b_mylaerla;x
4933;57;53;7;b_falione;x
4934;35;27;6;b_burrafirth;x
4935;139;123;84;b_lothigoswen;x
4936;80;45;123;b_lr;x
4937;15;100;81;b_kar;x
4938;68;121;47;b_enens;x
4939;84;191;41;b_arinum;x
4940;56;80;46;b_seamont;x
4941;104;153;151;b_the_forgotten_sleepers;x
4942;79;137;85;b_lost_stand;x
4943;136;112;145;b_buried_gate;x
4944;91;40;92;b_incursion;x
4945;14;70;123;b_kelenderis;x
4946;179;142;22;b_celsiax;x
4947;185;127;30;b_kato_ravtpoulon;x
4948;67;105;82;b_sevendaniel;x
4949;25;70;10;b_laham;x
4950;70;10;23;b_wahyrst;x
4951;25;45;115;b_kyriakosdothex;x
4952;125;85;130;b_corthite;x
4953;52;89;95;b_kathur;x
4954;105;125;184;b_lephrhyn;x
4955;105;125;244;b_orginos;x
4956;85;16;45;b_ephous;x
4957;105;125;214;b_archotas;x
4958;25;125;22;b_chrysanthossoa;x
4959;100;50;102;b_sabasthos;x
4960;25;85;171;b_oealae;x
4961;5;178;140;b_afaori;x
4962;190;89;18;b_marbleedge;x
4963;100;50;57;b_meydma;x
4964;123;129;9;b_cenia;x
4965;58;55;44;b_kath;x
4966;91;53;16;b_jeralild;x
4967;89;96;47;b_zhaev;x
4968;16;107;52;b_boowood;x
4969;34;199;99;b_ladolond;x
4970;203;101;29;b_woodbarrow;x
4971;209;121;59;b_giraei;x
4972;67;39;18;b_clearmoor;x
4973;100;50;66;b_theodosiaarax;x
4974;25;125;61;b_dionysiosdothex;x
4975;60;10;70;b_stayfield;x
4976;29;10;70;b_johanan;x
4977;18;190;85;b_lochcrystal;x
4978;31;159;39;b_kpsia;x
4979;25;85;165;b_symmachosmara;x
4980;68;99;161;b_mytenae;x
4981;100;10;67;b_arsakh;x
4982;10;52;39;b_chalon;x
4983;25;125;155;b_tadynus;x
4984;125;85;70;b_eramasic_river;x
4985;100;50;230;b_lephkanon;x
4986;100;50;231;b_gennadiossosi;x
4987;10;46;70;b_daewynn;x
4988;100;50;251;b_oranispolis;x
4989;100;50;161;b_zaseipoli;x
4990;105;125;228;b_efiryns;x
4991;48;11;19;b_jirgalan;x
4992;125;85;66;b_sergiatha;x
4993;80;0;64;b_taneh;x
4994;100;85;51;b_ignatiosopol;x
4995;100;50;165;b_artemioscois;x
4996;202;207;17;b_zevgolaton;x
4997;115;35;51;b_clace;x
4998;115;35;50;b_arkhova;x
4999;100;85;37;b_theocharistenox;x
5000;100;50;162;b_apollonioseia;x
5001;105;125;225;b_thraora;x
5002;95;94;37;b_sevoeniel;x
5003;25;52;10;b_crystalwall;x
5004;18;15;5;b_kame;x
5005;37;36;4;b_maschwanden;x
5006;133;5;120;b_nonius;x
5007;38;73;153;b_mesokhrion;x
5008;223;53;124;b_biqauhayd;x
5009;163;46;158;b_vatheia;x
5010;123;72;28;b_glabftsa;x
5011;9;92;47;b_mourti;x
5012;255;97;106;b_sodha;x
5013;77;185;65;b_taragafou;x
5014;62;35;23;b_vena;x
5015;62;23;23;b_pajoca_;x
5016;100;50;215;b_amephon;x
5017;105;125;254;b_atssaae;x
5018;211;91;55;b_hastone;x
5019;223;161;16;b_apfeldorf;x
5020;12;58;11;b_sjoerag;x
5021;25;45;56;b_tioptus;x
5022;62;50;23;b_faford;x
5023;125;85;71;b_sabaspolis;x
5024;25;45;76;b_gregoriathos;x
5025;100;85;52;b_ithysrio;x
5026;105;125;249;b_arcuria;x
5027;100;50;216;b_hyiia;x
5028;150;25;31;b_eusebiostha;x
5029;105;125;239;b_basileiosmara;x
5030;118;190;202;b_chalcoria;x
5031;34;37;5;b_clarens;x
5032;18;5;7;b_mastow;x
5033;80;70;46;b_sanubfil;x
5034;77;174;173;b_anzogli;x
5035;136;112;25;b_hailadia;x
5036;211;177;55;b_ironshore;x
5037;194;53;87;b_violetbell;x
5038;146;194;53;b_oleriric;x
5039;48;63;19;b_coalind;x
5040;16;166;223;b_ldamyya;x
5041;81;196;133;b_gythetrias;x
5042;35;133;171;b_theba;x
5043;223;63;16;b_mai;x
5044;35;49;171;b_wooley;x
5045;38;223;16;b_albalar;x
5046;8;181;19;b_edhwic;x
5047;93;186;30;b_methakros;x
5048;119;50;77;b_dannikwan;x
5049;193;57;152;b_nkeroo;x
5050;117;115;3;b_aeldun;x
5051;32;0;16;b_mazaca;x
5052;22;110;28;b_egrond;x
5053;8;101;181;b_levari;x
5054;225;71;181;b_solendos;x
5055;120;30;117;b_apantina;x
5056;117;0;101;b_silasaq;x
5057;164;61;32;b_lebamum;x
5058;189;48;99;b_bakfta;x
5059;32;28;89;b_melikinaika;x
5060;41;140;79;b_vakitais;x
5061;193;246;206;b_asimah;x
5062;41;137;78;b_gaztiko;x
5063;218;3;3;b_olytus;x
5064;220;35;35;b_dryrnus;x
5065;149;240;145;b_becouna;x
5066;17;13;78;b_daburh;x
5067;79;26;110;b_les_djeb;x
5068;156;126;22;b_akwam;x
5069;62;22;110;b_kegrove;x
5070;129;9;93;b_khurakzir;x
5071;211;181;55;b_wyvernland;x
5072;110;22;84;b_busu;x
5073;6;8;54;b_aelinwan;x
5074;136;211;55;b_aldshore;x
5075;211;55;94;b_acaerid;x
5076;9;98;129;b_starrybank;x
5077;177;15;75;b_wude;x
5078;54;6;14;b_saywyth;x
5079;153;26;89;b_gwianwan;x
5080;78;13;45;b_jerelim;x
5081;9;129;103;b_ineh;x
5082;62;55;211;b_byice;x
5083;178;5;41;b_astiemas;x
5084;178;48;5;b_umelandra;x
5085;69;174;98;b_vyn;x
5086;181;112;8;b_sayfeld;x
5087;129;9;33;b_chadd;x
5088;211;55;78;b_orifi;x
5089;174;69;108;b_siyyam;x
5090;76;26;139;b_irafi;x
5091;174;147;69;b_biratram;x
5092;78;73;13;b_waunwan;x
5093;78;61;13;b_faend;x
5094;78;13;34;b_bybluff;x
5095;16;0;0;b_lorine;x
5096;78;13;77;b_ocaenydd;x
5097;225;147;30;b_llanrwsteign;x
5098;13;78;28;b_sevoeseth;x
5099;29;52;13;b_crelasa;x
5100;26;39;8;b_ocaurwen;x
5101;115;170;77;b_pacot;x
5102;89;143;15;b_ybedrikin;x
5103;15;52;143;b_watermeadow;x
5104;11;62;31;b_maraxco;x
5105;8;30;84;b_eliekith;x
5106;1;131;52;b_winternesse;x
5107;9;73;34;b_lelidith;x
5108;14;32;141;b_felicien;x
5109;87;141;14;b_umigoniel;x
5110;25;85;62;b_leontiaornos;x
5111;125;85;131;b_vresnae;x
5112;105;125;149;b_thylax;x
5113;88;25;30;b_impeto;x
5114;45;51;83;b_derimwen;x
5115;28;46;137;b_brerrat;x
5116;28;47;22;b_aserrali;x
5117;67;6;136;b_adrun;x
5118;136;6;86;b_myy;x
5119;60;88;25;b_awoali;x
5120;92;112;202;b_qudiya;x
5121;65;153;110;b_ybaresa;x
5122;52;36;10;b_swynhill;x
5123;25;85;15;b_epiphaniantha;x
5124;25;85;41;b_iyrela;x
5125;25;85;10;b_creuxon;x
5126;105;125;119;b_niketaseos;x
5127;25;45;135;b_timotheosarthex;x
5128;105;125;109;b_philippaarthex;x
5129;25;85;61;b_theocharistepolis;x
5130;100;50;176;b_othum;x
5131;100;75;177;b_tiiea;x
5132;100;50;210;b_pelthrynss;x
5133;100;50;190;b_valeriaopol;x
5134;79;139;27;b_pyse;x
5135;105;125;150;b_diepus;x
5136;7;130;123;b_the_eternal_wastes_of_samsaces;x
5137;139;174;30;b_laron;x
5138;75;40;180;b_traianospoli;x
5139;98;233;37;b_aris;x
5140;24;61;7;b_parde;x
5141;234;171;4;b_petserikon;x
5142;9;61;18;b_iolcylos;x
5143;196;200;78;b_elatytos;x
5144;136;6;16;b_antes;x
5145;6;46;136;b_myta;x
5146;19;30;56;b_smena;x
5147;119;190;30;b_phocaea;x
5148;96;32;135;b_greenrose;x
5149;32;66;135;b_sisceus;x
5150;68;83;49;b_ebauda;x
5151;49;60;83;b_woodlea;x
5152;32;135;121;b_dellley;x
5153;190;139;30;b_glassland;x
5154;135;74;32;b_arsaca;x
5155;100;85;81;b_atis_yigel;x
5156;100;85;71;b_kyriakosorpol;x
5157;77;172;11;b_gweradia;x
5158;100;85;66;b_nikephoroseras;x
5159;69;57;123;b_latvo;x
5160;133;43;19;b_afaumwen;x
5161;67;48;43;b_erieviel;x
5162;125;85;76;b_burrowed_expanse;x
5163;245;143;21;b_great_northern_tunnels;x
5164;126;178;5;b_great_southern_tunnels;x
5165;19;126;59;b_agrinylos;x
5166;54;30;177;b_paphaistos;x
5167;11;106;36;b_tegacuse;x
5168;100;75;155;b_theoktistearax;x
5169;100;75;220;b_arzoia;x
5170;155;15;21;b_paporo;x
5171;135;110;32;b_ibath;x
5172;215;136;33;b_tripeneia;x
5173;100;50;195;b_tryphonsosi;x
5174;25;45;160;b_nigini;x
5175;128;30;177;b_khiaban;x
5176;65;205;95;b_jombed;x
5177;98;31;131;b_marbachcheh;x
5178;78;99;197;b_oslnovice;x
5179;99;48;9;b_dioscaseia;x
5180;92;46;225;b_haft_dasht_e_bala;x
5181;237;1;140;b_sheykh_khvajeh;x
5182;194;52;136;b_gorgi_dar;x
5183;237;144;35;b_kermalak;x
5184;226;169;103;b_omidabad_e_hirgan;x
5185;189;108;154;b_antonad;x
5186;246;151;39;b_jarmosht;x
5187;24;117;122;b_karliseve;x
5188;155;140;91;b_keszkecske;x
5189;39;62;96;b_hverafirthi;x
5190;32;86;151;b_chupanlar_sardarlu;x
5191;32;25;25;b_tondok;x
5192;31;27;26;b_naidar;x
5193;20;136;69;b_darabak;x
5194;219;32;39;b_basteh_deym;x
5195;177;58;62;b_pellehkan_e_bala;x
5196;16;0;93;b_borzelan_e_sofla;x
5197;25;20;19;b_khiarshur_e_olya;x
5198;176;70;236;b_khasraj_khalaf;x
5199;8;225;174;b_icen;x
5200;130;232;222;b_bahi_e_tamok;x
5201;176;249;103;b_ograv_e_balal;x
5202;79;9;38;b_pamlav;x
5203;66;69;112;b_amel;x
5204;203;239;154;b_panlef;x
5205;53;226;93;b_guhal;x
5206;21;132;245;b_alal_e_balm;x
5207;166;110;219;b_sulujeh;x
5208;28;187;180;b_shahr_jerd;x
5209;66;243;235;b_seryal;x
5210;20;209;201;b_qum_qaleh;x
5211;108;108;76;b_bai_kola;x
5212;115;114;38;b_firuzabad;x
5213;212;119;7;b_kalbia_haj_gholam_hoseyn;x
5214;229;132;16;b_eslamabad_e_jonubi;x
5215;248;148;29;b_masjed_pish;x
5216;172;212;115;b_sartang_dehgah;x
5217;84;62;66;b_ben_ehit;x
5218;253;42;167;b_temenuiyeh;x
5219;40;82;130;b_dowlatabad;x
5220;219;29;142;b_kabud_kalayeh;x
5221;67;125;193;b_misuleh;x
5222;218;86;164;b_shif_nowkal_e_nakhli;x
5223;97;155;223;b_askaran;x
5224;174;142;156;b_parpar;x
5225;194;157;173;b_qoli;x
5226;171;81;210;b_sarraf;x
5227;45;27;255;b_qelich_abdal_e_davaji;x
5228;12;100;92;b_chuqrub;x
5229;23;11;109;b_canadaf;x
5230;191;252;138;b_trab_e_kalaf;x
5231;85;88;119;b_qasemabad;x
5232;188;34;0;b_vinisibon;x
5233;66;39;7;b_prophets_pass;x
5234;83;88;132;b_beg_kandi;x
5235;161;134;190;b_jahangir;x
5236;62;212;42;b_hosein_abad_jabalbarez;x
5237;35;209;11;b_lalu;x
5238;198;113;151;b_shavil;x
5239;239;203;219;b_khvorush_sara;x
5240;76;255;53;b_bir;x
5241;151;57;36;b_ganjeh_nav;x
5242;214;93;30;b_mir_heydar;x
5243;196;146;121;b_seyyed_naser;x
5244;158;127;66;b_tamlais;x
5245;252;95;85;b_aenot;x
5246;103;10;65;b_tasiyeh;x
5247;108;163;53;b_sagvand;x
5248;132;50;66;b_ysend;x
5249;29;186;32;b_gankhaki;x
5250;52;141;54;b_shojaii;x
5251;21;154;77;b_urleh_e_badab;x
5252;248;93;226;b_hastur;x
5253;52;54;147;b_halah;x
5254;209;199;11;b_deh_shur;x
5255;178;71;75;b_kisheh_khaleh;x
5256;199;191;34;b_churchuri_ye_sofla;x
5257;61;142;89;b_naniz_e_pain;x
5258;43;145;78;b_sam_e_nurabad;x
5259;207;199;31;b_gurak_sadat;x
5260;131;222;40;b_qishlaq;x
5261;48;23;166;b_isli_bulaq;x
5262;78;31;111;b_barmabad;x
5263;150;58;62;b_qeshlaq_e_khalifehlu;x
5264;85;180;214;b_aasarim;x
5265;249;148;252;b_bahmal_padi;x
5266;162;61;237;b_kaslan_fih;x
5267;20;88;38;b_malekabad;x
5268;50;232;128;b_qaleh_khar_kishe;x
5269;37;166;92;b_serenjeh;x
5270;49;63;203;b_sarjatapah;x
5271;208;132;212;b_sarangabad;x
5272;164;90;168;b_khezr_beyg;x
5273;53;198;215;b_divalan;x
5274;201;135;58;b_koortal;x
5275;141;39;146;b_dastja;x
5276;43;233;255;b_kuhestan_e_mashayekh;x
5277;182;57;61;b_dehaneh_i_tag;x
5278;23;90;46;b_jahadabad;x
5279;10;177;22;b_jadir;x
5280;91;14;14;b_cheshmeh_kabud_e_chenar;x
5281;48;235;61;b_qarah_bagh;x
5282;145;76;43;b_meyangaran_sofla;x
5283;41;95;19;b_kourakros;x
5284;74;169;82;b_pelicos;x
5285;55;149;47;b_sinagas;x
5286;2;200;87;b_durub;x
5287;164;164;37;b_bab_abdan;x
5288;96;20;153;b_gujak;x
5289;43;39;39;b_pansareh;x
5290;134;58;191;b_nowbonyad;x
5291;6;63;105;b_volvak_e_dzhal;x
5292;25;18;18;b_lagharan;x
5293;225;100;40;b_husainabad;x
5294;224;112;58;b_salasi_ye_kohneh;x
5295;69;55;55;b_shahabad_e_khavar;x
5296;42;45;189;b_fang;x
5297;34;86;151;b_kadamga;x
5298;128;27;54;b_fatecircle;x
5299;226;153;66;b_qarah_buteh;x
5300;103;106;133;b_golam_kabud_e_sofla;x
5301;98;155;223;b_parcheh_ye_pain;x
5302;174;22;22;b_katu;x
5303;99;93;211;b_kelengi;x
5304;105;16;16;b_godar_e_anjir;x
5305;249;40;40;b_khairabad;x
5306;56;185;234;b_askvriv;x
5307;0;118;163;b_kerredi;x
5308;23;141;185;b_dehek;x
5309;244;229;48;b_sekhi;x
5310;170;163;61;b_tereksnapthi;x
5311;52;17;50;b_kalateh_ye_ali_siah;x
5312;48;6;46;b_bezar_pain;x
5313;255;79;83;b_namch;x
5314;218;45;49;b_lirkak;x
5315;43;180;98;b_bebkras;x
5316;87;26;83;b_tappeh_ye_mowla;x
5317;143;40;42;b_malmula_ye_pain;x
5318;105;56;16;b_bi_bi_shirvan;x
5319;76;49;26;b_deh_bozorg_e_bala;x
5320;56;60;98;b_afzalabad;x
5321;46;49;146;b_pasha_beyg;x
5322;27;243;120;b_palkan_e_alain;x
5323;5;88;38;b_nafar_kheyl;x
5324;26;180;92;b_khasn_e_aliabad;x
5325;231;91;91;b_kavula;x
5326;34;189;190;b_narak;x
5327;40;224;226;b_luhud;x
5328;206;57;62;b_lavhir;x
5329;195;54;58;b_mervas;x
5330;170;11;15;b_mevesad;x
5331;129;30;33;b_yevren;x
5332;161;24;27;b_creshniv;x
5333;131;182;21;b_the_neverending_chasms;x
5334;65;238;239;b_ilata;x
5335;26;168;169;b_bherevh;x
5336;126;40;17;b_quette;x
5337;75;78;235;b_ahmadiyeh;x
5338;7;11;225;b_sungun;x
5339;29;32;198;b_turudbar;x
5340;55;59;233;b_pulagi;x
5341;94;34;129;b_dizag;x
5342;151;71;197;b_chulaki;x
5343;61;64;191;b_abu_hamizeh;x
5344;104;106;228;b_chasht;x
5345;81;14;131;b_bladur;x
5346;92;28;141;b_nherdi;x
5347;133;130;30;b_cascriv;x
5348;147;142;23;b_pbav;x
5349;16;49;165;b_fhefas;x
5350;91;121;225;b_jhad;x
5351;59;82;160;b_hhas;x
5352;26;53;144;b_plalfk;x
5353;222;133;37;b_leveb;x
5354;249;150;42;b_jhav;x
5355;27;109;139;b_ahet;x
5356;137;64;15;b_behli;x
5357;141;28;28;b_nehibad;x
5358;229;134;40;b_tlrat;x
5359;29;194;209;b_raras;x
5360;38;164;175;b_kara;x
5361;119;78;30;b_terrekki;x
5362;78;11;10;b_svreveni;x
5363;192;39;39;b_spivcas;x
5364;47;10;59;b_xasri;x
5365;106;70;26;b_kesdur;x
5366;82;100;188;b_beledgav;x
5367;124;51;179;b_yerevdu;x
5368;150;52;223;b_assa;x
5369;78;113;230;b_cevve;x
5370;23;86;18;b_gradad;x
5371;187;214;37;b_bvkeski;x
5372;91;27;139;b_dhersed;x
5373;120;39;39;b_skriviaini;x
5374;65;106;28;b_eloi_avar;x
5375;156;38;188;b_eloi_daleb;x
5376;32;95;16;b_eloi_istarha;x
5377;211;79;27;b_eloi_conifk;x
5378;99;39;15;b_eloi_taddat;x
5379;131;75;53;b_eloi_iond;x
5380;206;94;199;b_eloi_svascruni;x
5381;226;103;54;b_eloi_myar;x
5382;107;50;27;b_eloi_vacavs;x
5383;204;137;71;b_eloi_elya;x
5384;255;152;50;b_eloi_veved;x
5385;49;84;204;b_eloi_gevkiv;x
5386;173;56;166;b_eloi_saciciv;x
5387;20;134;209;b_eloi_xavradis;x
5388;180;74;78;b_eloi_wizzhaod;x
5389;211;71;16;b_eloi_sasun;x
5390;69;53;49;b_eloi_plaivet;x
5391;240;228;69;b_eloi_vkeki;x
5392;13;82;45;b_eloi_laschem;x
5393;205;129;78;b_eloi_fhes;x
5394;70;57;53;b_eloi_hinvudi;x
5395;0;114;188;b_jriavn;x
5396;40;150;221;b_vehli;x
5397;241;29;37;b_venfiv;x
5398;116;47;168;b_praskaf;x
5399;94;145;117;b_savaed;x
5400;48;66;170;b_lihibe;x
5401;77;96;205;b_lhaviv;x
5402;103;18;167;b_kakrun;x
5403;37;148;28;b_prattaptha;x
5404;23;61;205;b_burfur;x
5405;129;57;182;b_paloch;x
5406;42;75;39;b_meretha;x
5407;54;18;104;b_wasisva;x
5408;51;29;81;b_sov;x
5409;24;118;32;b_whorsi;x
5410;59;188;70;b_hned;x
5411;75;103;200;b_sipipva;x
5412;173;67;173;b_hahaskn;x
5413;157;27;157;b_piifes;x
5414;87;16;128;b_shaqyya;x
5415;100;26;142;b_zareth;x
5416;84;103;16;b_iytham;x
5417;99;14;14;b_jeverek;x
5418;164;53;53;b_derbur;x
5419;137;59;59;b_vhabak;x
5420;206;16;16;b_spipsci;x
5421;144;21;21;b_kasmenympia;x
5422;20;160;127;b_pinanthus;x
5423;222;155;97;b_lapeos;x
5424;164;135;36;b_tareira;x
5425;16;140;187;b_sas;x
5426;129;37;92;b_sekraf;x
5427;106;24;72;b_pahorv;x
5428;236;22;149;b_kalfank;x
5429;215;15;133;b_mhavki;x
5430;195;163;125;b_metatav;x
5431;189;109;33;b_lhakore;x
5432;206;125;48;b_lavdad;x
5433;30;178;30;b_erentvat;x
5434;7;162;220;b_bhatav;x
5435;13;77;13;b_praffur;x
5436;39;225;39;b_kackri;x
5437;105;125;234;b_anthemiosorpol;x
5438;125;85;36;b_georgianthos;x
5439;139;142;165;b_bohanidd;x
5440;98;101;66;b_aendakoth;x
5441;66;101;92;b_elfpond;x
5442;41;149;134;b_zaydiriyah;x
5443;65;53;12;b_birwulid;x
5444;38;17;159;b_aralar;x
5445;32;159;17;b_elburh;x
5446;101;66;78;b_gryon;x
5447;152;17;159;b_bropool;x
5448;15;43;12;b_heyford;x
5449;9;31;83;b_ansang;x
5450;64;91;158;b_threlkeld;x
5451;89;116;19;b_tiwu_anaan;x
5452;145;103;66;b_khetmadjet;x
5453;137;88;26;b_nekhti;x
5454;201;125;28;b_neheramt;x
5455;47;55;131;b_wafr_esmet;x
5456;47;59;180;b_hotepjet;x
5457;77;28;9;b_khamt_djabi;x
5458;120;77;22;b_hut_sr_durem;x
5459;27;193;108;b_wayan;x
5460;7;53;18;b_tulppio;x
5461;99;104;44;b_ashabet_heref;x
5462;75;104;44;b_berektesh;x
5463;66;118;209;b_akhsaph_niwt;x
5464;24;61;126;b_saph_ayam;x
5465;28;154;223;b_khet_rehkhash;x
5466;96;214;23;b_dje_amenakhre;x
5467;163;50;120;b_smeranna;x
5468;247;129;13;b_ulohad;x
5469;247;225;13;b_alerramas;x
5470;15;41;4;b_croewen;x
5471;198;20;163;b_ironjwa;x
5472;68;26;197;b_ruwan;x
5473;75;197;26;b_adropesh;x
5474;115;93;17;b_el_ms_chob;x
5475;197;65;33;b_ecclia;x
5476;56;194;59;b_cagli;x
5477;54;149;56;b_sogo;x
5478;21;0;5;b_baburh;x
5479;161;156;77;b_djekemet;x
5480;161;142;77;b_gesekamandi;x
5481;104;44;102;b_anuw_kerek;x
5482;117;77;161;b_awu_waysh;x
5483;188;65;138;b_hebet_jeresh;x
5484;170;13;106;b_sarathu_sret;x
5485;163;36;111;b_khemenefer_heref;x
5486;26;17;116;b_the_giant_cave;x
5487;138;43;58;b_the_malevolent_den;x
5488;217;101;44;b_kehi_amarna;x
5489;144;70;34;b_mereshpektet;x
5490;24;82;74;b_besht_plestet;x
5491;19;116;103;b_sherekh;x
5492;219;92;26;b_nezerakh_kheresh;x
5493;193;63;27;b_nezerakh_niwt;x
5494;174;150;49;b_ashfarakh;x
5495;58;34;96;b_pet_emys_ehtep;x
5496;131;38;12;b_rakhthonet;x
5497;219;41;71;b_ahtep_sr_djadys;x
5498;95;26;19;b_assatis;x
5499;127;18;7;b_mochlione;x
5500;170;9;104;b_smw_anti;x
5501;110;17;72;b_estepekesh;x
5502;180;45;124;b_neresh_girem;x
5503;173;52;122;b_amwy_wesh;x
5504;18;128;65;b_geraam_khesh;x
5505;162;28;50;b_sarathu_esh;x
5506;109;14;69;b_hamtheteresh;x
5507;22;74;137;b_hmwet;x
5508;53;112;184;b_rmefr_djaan;x
5509;26;176;150;b_antiyw_anuwan;x
5510;42;31;140;b_kemsarnys;x
5511;133;97;61;b_adjeret_heref;x
5512;140;5;30;b_the_twisted_caverns;x
5513;179;143;203;b_maze_of_the_golden_soldier;x
5514;12;68;69;b_sremenkhant;x
5515;112;54;43;b_the_tempest_retreat;x
5516;149;12;119;b_khmeret_anuwan;x
5517;54;135;48;b_baheteb;x
5518;40;158;188;b_pesederab;x
5519;107;35;53;b_ptamra;x
5520;65;176;26;b_makhteb_heref;x
5521;47;116;23;b_hiw_akheteresh;x
5522;44;98;26;b_khetmarekh;x
5523;89;83;145;b_akensarobheb;x
5524;31;118;140;b_hedredjet;x
5525;199;116;34;b_the_soul_of_the_sea;x
5526;146;200;42;b_wet_cave;x
5527;52;16;5;b_dry_cave;x
5528;44;142;134;b_the_devouring;x
5529;148;24;108;b_lowhives;x
5530;2;41;87;b_whisperswarm;x
5531;19;117;42;b_djesh_weremet;x
5532;57;116;71;b_amtys;x
5533;143;36;223;b_sakhth;x
5534;126;57;177;b_djahy;x
5535;16;9;96;b_sekhtmaat;x
5536;52;67;67;b_apedemak;x
5537;122;91;13;b_akseb_niwt;x
5538;52;28;149;b_ghamantkhare;x
5539;128;121;19;b_anuw_anki;x
5540;126;62;173;b_imenteresh;x
5541;190;28;81;b_mat_nekhet;x
5542;166;62;96;b_hem;x
5543;146;134;154;b_khrons_death;x
5544;195;176;82;b_sacred_bleakage;x
5545;1;177;52;b_quarters_of_the_secret_horsemen;x
5546;19;213;115;b_sabers_of_the_archmages_infinity;x
5547;33;92;162;b_eserhateb;x
5548;33;114;67;b_thorekh_ret;x
5549;95;141;197;b_sharat;x
5550;206;172;45;b_rusty_sea_wind_lair;x
5551;28;71;15;b_lakhwat_niws;x
5552;75;147;54;b_diyw_ashperath;x
5553;71;15;48;b_thoktinennu;x
5554;29;214;253;b_anuw_beshpereth;x
5555;8;16;61;b_the_moaning_catacombs;x
5556;203;123;20;b_kasmenapeze;x
5557;58;90;108;b_furum_khaish;x
5558;135;71;144;b_pesty_sr_aum;x
5559;17;56;108;b_sebdju;x
5560;144;121;71;b_djenet;x
5561;186;137;30;b_ereppu;x
5562;34;45;14;b_leppash;x
5563;103;93;93;b_arkhun;x
5564;46;45;182;b_bannu_teresh;x
5565;131;149;51;b_esemenkhet;x
5566;70;16;123;b_esadjep_aqum;x
5567;101;51;149;b_urush;x
5568;188;18;18;b_esaamheresh;x
5569;213;0;0;b_pakhet;x
5570;0;148;165;b_ahhneshtereb;x
5571;169;19;19;b_giyesh_araam;x
5572;85;80;162;b_anuw_nepeheth;x
5573;208;65;65;b_susenereset;x
5574;175;42;218;b_kaduwan;x
5575;147;30;185;b_hephektet;x
5576;86;68;116;b_nshwys_horeb;x
5577;74;38;133;b_ekhmereb;x
5578;18;26;98;b_niwt_khaperethakh;x
5579;63;29;147;b_iyum_hirek;x
5580;45;180;182;b_khamenakaure;x
5581;201;24;24;b_tethet;x
5582;67;187;244;b_as_sahef;x
5583;114;147;29;b_mpeksheth;x
5584;10;64;90;b_bhekkari;x
5585;53;155;125;b_pjet;x
5586;35;210;159;b_as_suwa;x
5587;126;122;26;b_heremeb;x
5588;37;1;1;b_irmik;x
5589;175;131;65;b_sur_vi;x
5590;53;10;90;b_epekhherem;x
5591;56;131;47;b_hedjetniwt_wadj;x
5592;37;148;24;b_khatam_wadj;x
5593;20;198;23;b_harajun;x
5594;40;185;24;b_abetus;x
5595;86;83;6;b_djastabhet;x
5596;152;43;46;b_djamaadet;x
5597;66;9;53;b_hadasht_gurum;x
5598;186;69;160;b_ekallatum;x
5599;126;25;103;b_ushara_diyw;x
5600;184;82;192;b_dorbenra;x
5601;116;174;64;b_nahara;x
5602;23;79;87;b_torelek;x
5603;94;67;29;b_arganori;x
5604;156;122;18;b_zahali;x
5605;206;116;24;b_bubatia;x
5606;83;54;25;b_mbakabanda;x
5607;141;116;36;b_njebanda;x
5608;97;198;85;b_hurunir;x
5609;120;30;30;b_hawala;x
5610;164;115;31;b_wibo;x
5611;155;62;124;b_ayuki;x
5612;188;24;50;b_murayero;x
5613;173;118;23;b_lugajumani;x
5614;192;126;14;b_nyachedi;x
5615;30;41;166;b_kibawenge;x
5616;22;39;104;b_adama;x
5617;142;255;138;b_mukinbari;x
5618;160;114;55;b_nasuba;x
5619;161;147;64;b_ruhenbuga;x
5620;68;14;98;b_banbezi;x
5621;42;91;143;b_sindatu;x
5622;170;68;39;b_mibongari;x
5623;89;16;48;b_makuki;x
5624;255;149;103;b_garutoke;x
5625;65;40;25;b_burile;x
5626;0;77;160;b_rukiso;x
5627;83;21;17;b_morowa;x
5628;163;38;185;b_kayile;x
5629;86;34;32;b_banruzi;x
5630;50;141;78;b_igugumanda;x
5631;145;54;140;b_mukira;x
5632;95;96;45;b_kerilion;x
5633;190;33;156;b_kanuge;x
5634;103;103;35;b_mbango;x
5635;114;30;26;b_fahaw;x
5636;112;48;123;b_musoresere;x
5637;163;165;37;b_dahale;x
5638;165;119;119;b_bugemrobya;x
5639;58;8;41;b_kanguza;x
5640;45;69;144;b_wamuli;x
5641;37;147;68;b_masumpuka;x
5642;83;136;29;b_kemicha;x
5643;98;65;8;b_kulangooye;x
5644;117;126;223;b_mandebale;x
5645;155;50;118;b_naina;x
5646;219;104;57;b_bodilibela;x
5647;77;75;160;b_garicho;x
5648;60;163;94;b_abdula;x
5649;171;193;76;b_kangu;x
5650;65;186;124;b_garamullata;x
5651;69;45;192;b_gombo;x
5652;59;172;114;b_negdai;x
5653;90;131;28;b_sekelar;x
5654;33;173;163;b_murrlingo;x
5655;178;79;110;b_dumuga;x
5656;120;57;144;b_shoyzi;x
5657;29;141;123;b_bunrita;x
5658;174;27;155;b_bodoacio;x
5659;36;23;103;b_uahni;x
5660;210;214;52;b_kayijumbara;x
5661;140;79;207;b_lugamuli;x
5662;136;29;69;b_kambwera;x
5663;7;85;98;b_ghidami;x
5664;82;133;36;b_vararaz;x
5665;133;124;36;b_tel_halaruk;x
5666;108;101;26;b_ad_dabayr;x
5667;36;136;16;b_saqusan;x
5668;136;16;83;b_acapasa;x
5669;140;54;197;b_kharut;x
5670;89;25;131;b_lihyabail;x
5671;118;26;77;b_pinasalih;x
5672;53;43;7;b_asedobo;x
5673;44;181;110;b_gandzhi;x
5674;55;22;71;b_gutuyu;x
5675;135;44;181;b_katafyi;x
5676;48;31;133;b_buru;x
5677;219;128;49;b_igirso;x
5678;186;167;65;b_balozd;x
5679;136;117;16;b_an_nasra;x
5680;95;181;56;b_bwarubanza;x
5681;214;192;34;b_wogulu;x
5682;194;95;35;b_doowak;x
5683;63;31;74;b_lamwa;x
5684;11;63;17;b_zaisa;x
5685;74;100;13;b_bwizilenzi;x
5686;53;113;178;b_masumgarama;x
5687;95;17;93;b_gamdar;x
5688;23;67;27;b_pallibugyo;x
5689;21;79;28;b_bedelam;x
5690;190;83;85;b_botire;x
5691;74;133;48;b_rwama;x
5692;174;22;198;b_malakuyu;x
5693;157;142;35;b_paidi;x
5694;36;60;153;b_kapgamo;x
5695;68;202;62;b_luankos;x
5696;67;163;24;b_goldoho;x
5697;164;16;94;b_lena;x
5698;100;20;20;b_masinsoro;x
5699;20;123;38;b_bwukenke;x
5700;77;188;162;b_hobxagay;x
5701;35;21;128;b_lujir;x
5702;135;196;218;b_kuladali;x
5703;47;174;15;b_walase;x
5704;155;12;12;b_bweyorita;x
5705;151;21;141;b_wobmuli;x
5706;214;59;117;b_agonan;x
5707;152;186;101;b_gomsa;x
5708;39;112;124;b_soketas;x
5709;85;111;161;b_danrgo;x
5710;197;18;56;b_kamukingo;x
5711;73;69;210;b_boboe;x
5712;52;85;19;b_cacuaha;x
5713;210;99;133;b_goritij;x
5714;51;155;148;b_kechas;x
5715;110;169;49;b_adara;x
5716;169;68;121;b_shikute;x
5717;201;96;53;b_nakamti;x
5718;137;69;41;b_jate;x
5719;14;34;98;b_lugud;x
5720;182;38;83;b_galgallo;x
5721;90;197;206;b_saracourt;x
5722;210;137;205;b_wellesmount;x
5723;116;32;108;b_bracein;x
5724;56;185;46;b_gauein;x
5725;26;139;17;b_fuixe;x
5726;22;86;77;b_sacetimu;x
5727;35;135;121;b_sassain;x
5728;114;186;176;b_godrenscifeij;x
5729;183;203;33;b_mrovenguire;x
5730;82;64;198;b_beretrusc;x
5731;139;17;127;b_cvaein;x
5732;25;125;125;b_wriggannde;x
5733;47;34;132;b_duts;x
5734;231;135;193;b_doncei;x
5735;160;104;32;b_theodanes;x
5736;12;111;14;b_arsateia;x
5737;29;40;104;b_phaistias;x
5738;36;73;19;b_deppren;x
5739;24;8;127;b_bereind;x
5740;75;58;184;b_oiprens;x
5741;131;27;23;b_todurn;x
5742;10;24;50;b_onti_le_scai;x
5743;181;17;10;b_debouis;x
5744;59;153;15;b_shraccein;x
5745;76;118;56;b_garuesci;x
5746;123;95;35;b_becene;x
5747;16;77;13;b_frocreteu;x
5748;24;98;34;b_dovgroius;x
5749;18;166;39;b_favrecuex;x
5750;159;31;93;b_doen;x
5751;181;28;102;b_plaienf;x
5752;93;13;81;b_aranat;x
5753;128;45;45;b_plascit;x
5754;161;38;137;b_spartonesos;x
5755;211;216;38;b_saisir;x
5756;59;30;176;b_insultheimerhof;x
5757;24;110;66;b_gisreddeport;x
5758;21;15;90;b_preachers_hill;x
5759;25;14;172;b_jans_market;x
5760;45;31;133;b_bastards_run;x
5761;143;102;34;b_salagnon;x
5762;100;50;236;b_dverote;x
5763;72;173;111;b_calmensons_crest;x
5764;69;65;166;b_seychunds_square;x
5765;19;119;96;b_last_standers_street;x
5766;32;30;90;b_minters_block;x
5767;151;35;35;b_grandhurn;x
5768;201;149;97;b_folkendange;x
5769;77;23;75;b_peyrihac;x
5770;132;29;129;b_annonais;x
5771;108;26;105;b_bivies;x
5772;68;24;116;b_gonnela;x
5773;45;43;170;b_radonos;x
5774;52;10;50;b_boede;x
5775;118;2;114;b_briatriste;x
5776;24;170;81;b_chastel_de_montcornet;x
5777;11;108;49;b_ligni;x
5778;188;122;198;b_marmont;x
5779;19;32;57;b_orbneux;x
5780;189;52;185;b_mirecourt;x
5781;85;18;83;b_chevaliette;x
5782;24;101;104;b_pannecenet;x
5783;60;241;250;b_lingohem;x
5784;92;179;184;b_lalande;x
5785;54;216;224;b_cornillon;x
5786;61;200;189;b_aventure;x
5787;87;151;219;b_chaoce;x
5788;39;115;198;b_viennde;x
5789;47;105;167;b_yevrene;x
5790;51;191;198;b_lann_de_apteaux;x
5791;81;209;126;b_montrose;x
5792;209;197;81;b_aquicus;x
5793;161;58;197;b_cherves;x
5794;74;20;92;b_sant_anich;x
5795;109;5;126;b_fossay;x
5796;174;116;194;b_moyenposse;x
5797;127;130;163;b_kallene;x
5798;43;126;32;b_pisateia;x
5799;159;68;68;b_tragine;x
5800;14;112;46;b_montenee;x
5801;77;198;117;b_vilnecroz;x
5802;126;0;171;b_chanaclaau;x
5803;144;8;169;b_mondbastione;x
5804;71;100;20;b_atia;x
5805;19;87;16;b_thonil;x
5806;38;149;33;b_esclotten;x
5807;107;255;100;b_vergreue;x
5808;101;182;98;b_clegrons;x
5809;98;174;70;b_bradercourte;x
5810;136;30;90;b_snaikporde;x
5811;96;212;103;b_gratz;x
5812;211;94;95;b_broaon;x
5813;35;151;43;b_vahfasc;x
5814;91;60;188;b_hevesliet;x
5815;58;222;68;b_briyic;x
5816;134;244;141;b_grugey;x
5817;100;143;25;b_voorhoven;x
5818;79;69;18;b_tousx;x
5819;93;122;43;b_roncheine;x
5820;144;192;64;b_caraceit;x
5821;199;111;161;b_naubor;x
5822;200;48;135;b_saigein;x
5823;237;185;81;b_dorsec;x
5824;159;114;26;b_bovrinene;x
5825;68;35;168;b_nederwaald;x
5826;200;63;222;b_tregny;x
5827;134;97;246;b_lugleaux;x
5828;100;70;189;b_kendzer;x
5829;101;68;153;b_delradd;x
5830;133;98;239;b_draaidermaan;x
5831;50;8;176;b_opwerde;x
5832;62;35;148;b_wespre;x
5833;190;117;56;b_doines;x
5834;115;67;23;b_doriscourt;x
5835;81;48;22;b_coiuex;x
5836;163;120;36;b_iporntially;x
5837;189;146;60;b_capuit;x
5838;222;154;126;b_bermeiliese;x
5839;233;124;126;b_fascois;x
5840;240;196;128;b_cavresnof;x
5841;144;113;66;b_porfre;x
5842;203;153;75;b_zinpre;x
5843;104;86;58;b_zari;x
5844;110;77;26;b_carifeue;x
5845;122;12;55;b_shacoruse;x
5846;186;127;36;b_vabline;x
5847;255;201;133;b_scaoport;x
5848;116;33;81;b_billagiv;x
5849;240;111;185;b_oberhienten;x
5850;52;136;14;b_yuicourt;x
5851;34;140;85;b_terruis;x
5852;241;193;119;b_moeux;x
5853;78;153;44;b_nacrevis;x
5854;46;79;31;b_vavrisic;x
5855;38;136;131;b_chambrebrande;x
5856;22;87;84;b_regesex;x
5857;86;176;171;b_camien;x
5858;91;203;198;b_claci;x
5859;97;249;241;b_waldisse;x
5860;57;246;236;b_murola;x
5861;85;220;212;b_adainelle;x
5862;202;247;125;b_raocourt;x
5863;38;5;57;b_dilielfince;x
5864;89;89;89;b_batsric;x
5865;79;79;79;b_orm;x
5866;255;186;98;b_zecurdunn;x
5867;14;37;62;b_orcinde;x
5868;0;18;59;b_cerohed;x
5869;132;162;194;b_voiye;x
5870;24;89;159;b_vandenville;x
5871;112;189;58;b_cieverl;x
5872;55;86;157;b_lascoreiux;x
5873;31;49;91;b_cirreol;x
5874;143;128;52;b_mecnis;x
5875;183;10;199;b_aubrsca;x
5876;121;17;137;b_fayien;x
5877;24;42;99;b_brebinac;x
5878;40;120;31;b_grefein;x
5879;73;100;25;b_aastauxporte;x
5880;15;122;145;b_creyvs;x
5881;234;31;94;b_dravgernhiem;x
5882;25;75;35;b_nivettle;x
5883;152;52;52;b_vatabi;x
5884;10;11;59;b_malouse;x
5885;128;18;52;b_brontmont;x
5886;203;207;92;b_issoire;x
5887;37;159;142;b_huiex;x
5888;45;133;62;b_brucour;x
5889;7;57;5;b_courav;x
5890;99;65;15;b_savognin;x
5891;14;92;29;b_goudborghj;x
5892;125;85;86;b_alekjer;x
5893;177;166;68;b_pastriconde;x
5894;118;109;32;b_mesnrette;x
5895;255;116;123;b_pathaceve;x
5896;106;98;24;b_duralu;x
5897;169;101;41;b_hambrie;x
5898;102;59;21;b_leymonde;x
5899;225;112;244;b_lardaur;x
5900;175;65;65;b_the_moghy_wren;x
5901;219;88;208;b_grehtsk;x
5902;137;118;51;b_paphyria;x
5903;66;12;16;b_parfeit;x
5904;51;25;66;b_grascf;x
5905;48;96;160;b_zecre;x
5906;149;32;42;b_den_sarmount;x
5907;131;40;40;b_iolles;x
5908;198;53;53;b_fiex;x
5909;145;80;23;b_the_dielecport;x
5910;203;164;29;b_psychroinon;x
5911;192;45;45;b_bliateuf;x
5912;238;237;246;b_spenica;x
5913;230;18;66;b_barons_field;x
5914;240;10;66;b_isken;x
5915;236;241;246;b_yendamwen;x
5916;189;37;66;b_pianstint;x
5917;222;25;51;b_yarrin;x
5918;219;19;60;b_hakkari;x
5919;237;243;246;b_ortho;x
5920;210;7;69;b_zelln;x
5921;240;246;249;b_akonnia;x
5922;182;178;54;b_tovearc;x
5923;246;249;237;b_sathan;x
5924;219;10;75;b_capem;x
5925;184;38;41;b_kratan;x
5926;100;97;13;b_plesex;x
5927;152;147;22;b_goursies;x
5928;1;192;201;b_haives;x
5929;160;57;187;b_east_vardain;x
5930;230;243;240;b_seenef;x
5931;31;90;35;b_gareux;x
5932;238;18;62;b_thatckho;x
5933;232;166;96;b_cosinuvet;x
5934;119;93;21;b_haiotiu;x
5935;170;129;16;b_dasctoi;x
5936;239;186;92;b_teridderin;x
5937;34;8;147;b_doilderouis;x
5938;26;91;58;b_cuveirn;x
5939;58;32;110;b_craiuge;x
5940;23;123;108;b_jourenfirede;x
5941;74;31;159;b_yascin;x
5942;75;180;164;b_diarfuex;x
5943;49;5;47;b_donnes;x
5944;181;115;45;b_calscue;x
5945;178;32;140;b_wanderwind;x
5946;198;24;140;b_savelace;x
5947;98;145;58;b_druvensci;x
5948;74;140;18;b_aftrendoc;x
5949;9;102;107;b_praitven;x
5950;23;156;174;b_muisle;x
5951;22;134;149;b_plaen;x
5952;23;142;185;b_mond_de_veycans;x
5953;23;142;165;b_losque;x
5954;22;113;139;b_acklenvil;x
5955;26;151;141;b_dojjen;x
5956;52;69;203;b_hegeforte;x
5957;42;178;157;b_doiien;x
5958;87;164;20;b_ardenque;x
5959;4;0;225;b_laviec;x
5960;139;9;163;b_baoveux;x
5961;200;96;170;b_etresin;x
5962;140;17;104;b_xavasc;x
5963;155;5;131;b_septin;x
5964;167;84;179;b_zaddk;x
5965;146;11;113;b_veros;x
5966;49;47;5;b_mont_de_bressau;x
5967;76;9;73;b_khuldraux;x
5968;149;11;156;b_kavak;x
5969;126;20;150;b_iakoboseos;x
5970;166;41;208;b_novengram;x
5971;20;127;128;b_aendorac;x
5972;37;62;26;b_coughes;x
5973;34;131;81;b_neregf;x
5974;68;160;112;b_dooreciraned;x
5975;12;105;203;b_vavismont;x
5976;233;205;73;b_jeins;x
5977;88;196;141;b_celois;x
5978;140;21;132;b_lascifie;x
5979;70;85;57;b_bucierien;x
5980;40;46;111;b_dousc;x
5981;40;40;40;b_plaent;x
5982;160;47;205;b_amens;x
5983;31;41;153;b_quvere;x
5984;132;18;140;b_adles;x
5985;83;128;33;b_andui;x
5986;69;30;181;b_varencoure;x
5987;14;30;7;b_avrinsces;x
5988;62;152;21;b_pelteain;x
5989;82;169;44;b_kalville;x
5990;84;31;27;b_ascarne;x
5991;82;155;52;b_zeriksbeaux;x
5992;246;102;189;b_araine;x
5993;144;9;18;b_scastie;x
5994;111;2;10;b_tarfiet;x
5995;89;139;66;b_naouisc;x
5996;144;6;3;b_bournicourt;x
5997;120;40;52;b_layveq;x
5998;96;11;4;b_oothensine;x
5999;126;49;46;b_zaquesnej;x
6000;153;0;12;b_worchesq;x
6001;160;198;73;b_tomic_;x
6002;186;54;177;b_aquefewe;x
6003;123;45;128;b_guins;x
6004;75;6;81;b_hamiette;x
6005;75;15;79;b_broviene;x
6006;54;18;57;b_quecourt;x
6007;92;122;6;b_asquenvila;x
6008;129;31;157;b_laciurns;x
6009;83;17;136;b_lasconts;x
6010;29;71;106;b_yelles;x
6011;87;194;119;b_mauville;x
6012;186;165;20;b_sadurmont;x
6013;50;17;48;b_pareud;x
6014;129;44;118;b_rohne_den_va_pareud;x
6015;153;52;38;b_operncus;x
6016;128;99;152;b_qupeuz;x
6017;141;21;176;b_casineux;x
6018;17;42;112;b_bravrians;x
6019;165;95;76;b_novygoud;x
6020;37;102;111;b_decourt;x
6021;22;20;20;b_valdon;x
6022;182;95;27;b_varins;x
6023;144;170;127;b_quwrarak;x
6024;82;174;49;b_kcze;x
6025;207;55;163;b_cophoris;x
6026;89;196;84;b_vrachi;x
6027;71;112;27;b_dobusy;x
6028;150;60;130;b_artemiosdothex;x
6029;67;107;74;b_wsccin;x
6030;44;56;13;b_podpliica;x
6031;83;46;211;b_samea;x
6032;174;37;6;b_labrzeowa;x
6033;254;70;73;b_ularaj;x
6034;29;127;84;b_bockstadt;x
6035;145;89;23;b_korski;x
6036;71;202;98;b_crngrob;x
6037;23;83;32;b_kummersdorf;x
6038;21;114;54;b_monassa;x
6039;30;110;26;b_malliki;x
6040;184;25;119;b_amphaphos;x
6041;30;147;33;b_plateron;x
6042;14;78;25;b_cybic;x
6043;96;204;170;b_naagdie;x
6044;165;226;58;b_rzekow;x
6045;23;71;27;b_myszynawa;x
6046;0;230;57;b_chamypes;x
6047;23;27;205;b_lefkoria;x
6048;158;91;33;b_ortuuma;x
6049;71;132;204;b_wepool;x
6050;137;68;25;b_cokos;x
6051;217;126;10;b_megalopus;x
6052;64;220;142;b_slzama;x
6053;232;126;55;b_kalsze;x
6054;208;49;50;b_laszno;x
6055;177;61;141;b_ville;x
6056;40;131;4;b_radyce;x
6057;42;6;94;b_woztat;x
6058;141;195;160;b_dacot;x
6059;191;29;205;b_zycany;x
6060;74;26;239;b_krycka;x
6061;107;161;145;b_fastow;x
6062;20;224;94;b_lesski;x
6063;230;69;219;b_nowleclek;x
6064;26;65;49;b_sulockroj;x
6065;79;190;238;b_zlorod;x
6066;86;146;184;b_pokojov;x
6067;30;34;102;b_danie;x
6068;66;139;138;b_opaska;x
6069;47;66;170;b_reslin;x
6070;12;49;124;b_rowza;x
6071;29;67;119;b_zanclosse;x
6072;17;136;115;b_vologd;x
6073;161;146;43;b_vredeby;x
6074;65;101;201;b_zelnek;x
6075;155;57;57;b_selessa;x
6076;118;38;29;b_actacia;x
6077;37;96;22;b_emwy;x
6078;217;39;97;b_vrogas;x
6079;143;21;93;b_travara;x
6080;227;15;91;b_zakielzno;x
6081;165;67;97;b_finkoping;x
6082;254;5;236;b_zapsta;x
6083;20;197;150;b_tragacia;x
6084;231;16;16;b_chaeis;x
6085;135;41;27;b_hyblacia;x
6086;120;23;23;b_phanena;x
6087;155;30;18;b_oberglottertal;x
6088;12;139;97;b_hilbringen;x
6089;164;46;38;b_mallnow;x
6090;110;109;49;b_majninari;x
6091;108;33;44;b_schaddvik;x
6092;25;6;40;b_kawry;x
6093;30;12;143;b_pyrmox;x
6094;185;17;191;b_shiryycz;x
6095;88;64;131;b_lazak;x
6096;155;38;53;b_beltynrsk;x
6097;34;37;218;b_coramahos;x
6098;75;101;184;b_grommhol;x
6099;127;64;21;b_dyminia;x
6100;193;41;60;b_imbregea;x
6101;80;78;128;b_thalis;x
6102;182;157;228;b_strongbridge;x
6103;202;102;42;b_platon;x
6104;178;158;50;b_skioldborg;x
6105;174;47;48;b_mochovce;x
6106;187;148;219;b_kuehrberg;x
6107;173;80;221;b_sleefoica;x
6108;218;144;111;b_kleingloms;x
6109;43;174;36;b_dioscontos;x
6110;137;25;25;b_lazarostha;x
6111;102;9;124;b_astale;x
6112;227;24;214;b_chbes;x
6113;70;9;32;b_grunta;x
6114;90;164;67;b_sansirizoy;x
6115;182;58;211;b_solous;x
6116;160;127;188;b_lusading;x
6117;105;125;194;b_amthnai;x
6118;192;76;203;b_senitz;x
6119;30;102;67;b_eretrarina;x
6120;81;34;10;b_mochlelis;x
6121;47;78;176;b_ruotsula;x
6122;18;168;87;b_paronnos;x
6123;34;160;9;b_lintukumpu;x
6124;92;207;221;b_huikko;x
6125;54;8;8;b_sozigona;x
6126;55;98;163;b_sybinus;x
6127;105;81;188;b_metharnae;x
6128;89;136;63;b_syrosse;x
6129;194;87;23;b_laodilene;x
6130;50;101;107;b_thraii;x
6131;129;58;15;b_olympai;x
6132;31;120;14;b_marken;x
6133;172;98;33;b_hyblomeczi;x
6134;209;186;35;b_hrmby;x
6135;152;19;19;b_trios;x
6136;232;145;31;b_kazwa;x
6137;74;37;95;b_kasmenagoria;x
6138;12;92;200;b_stymphiri;x
6139;193;23;23;b_dioscoria;x
6140;211;52;180;b_zaeskoski;x
6141;31;58;33;b_leioro;x
6142;101;56;139;b_agrinae;x
6143;122;224;0;b_trapurii;x
6144;23;193;32;b_borembria;x
6145;171;186;7;b_akrenes;x
6146;163;21;21;b_haros;x
6147;122;39;39;b_pagens;x
6148;76;199;183;b_lewydon;x
6149;143;132;33;b_alinitida;x
6150;209;109;21;b_piarr;x
6151;198;211;58;b_boreze;x
6152;12;62;66;b_sklavaizi;x
6153;211;186;44;b_borgsund;x
6154;74;46;103;b_daud;x
6155;10;79;18;b_pruerz;x
6156;201;188;16;b_S_ance;x
6157;156;155;15;b_volkholz;x
6158;34;96;169;b_zoltanhaza;x
6159;180;179;80;b_nausen;x
6160;185;170;89;b_skuodzlu;x
6161;15;100;26;b_kazzow;x
6162;101;150;190;b_dobtok;x
6163;124;16;16;b_ostmarsh;x
6164;117;198;197;b_vertiron;x
6165;33;59;157;b_obokow;x
6166;123;143;62;b_olol;x
6167;60;27;232;b_lisia;x
6168;18;141;67;b_argas;x
6169;31;211;226;b_maera;x
6170;94;241;157;b_wrzica;x
6171;106;211;211;b_pellacia;x
6172;99;168;37;b_thyragor;x
6173;14;149;59;b_kasno;x
6174;3;89;251;b_sumaama;x
6175;172;219;222;b_ostiec;x
6176;96;218;188;b_strko_nia;x
6177;126;17;91;b_golzewbno;x
6178;67;62;16;b_czakow;x
6179;191;251;87;b_komba;x
6180;92;215;221;b_itterby;x
6181;167;158;121;b_czy;x
6182;85;231;62;b_zatecz;x
6183;47;80;160;b_unnan;x
6184;212;72;239;b_snowwick;x
6185;208;18;208;b_redwyvern;x
6186;237;89;55;b_nesae;x
6187;233;20;185;b_haho;x
6188;204;251;164;b_konzieyny;x
6189;37;20;101;b_fawold;x
6190;166;27;199;b_pasptow;x
6191;105;20;65;b_nada;x
6192;73;36;10;b_giyliyar_haad;x
6193;116;112;51;b_parstaysa;x
6194;159;53;221;b_myonyra;x
6195;150;65;130;b_cregozea;x
6196;117;165;22;b_neucallenberg;x
6197;184;194;8;b_astenion;x
6198;57;205;207;b_hacys;x
6199;186;246;0;b_cnidyreum;x
6200;120;233;123;b_wyebluff;x
6201;53;202;102;b_swiowy;x
6202;26;79;19;b_mimeth;x
6203;93;103;208;b_tora_mork;x
6204;115;151;156;b_sokemeork;x
6205;198;70;32;b_przemkice;x
6206;127;107;4;b_whitemeadow;x
6207;130;65;14;b_szaawa;x
6208;202;198;87;b_swarrow;x
6209;68;225;9;b_lese_szew;x
6210;149;255;254;b_lecrow;x
6211;62;129;72;b_ziegon;x
6212;200;134;231;b_golsze;x
6213;139;146;37;b_onaynnor;x
6214;191;10;16;b_wachi;x
6215;43;241;111;b_oswawa;x
6216;255;148;192;b_lebewjki;x
6217;71;219;83;b_snyzgarrak;x
6218;96;195;63;b_mysnki;x
6219;173;115;243;b_paseczsze;x
6220;77;69;59;b_pruroj;x
6221;100;98;33;b_tauting;x
6222;70;86;187;b_prooslski;x
6223;20;50;255;b_wielowlaw;x
6224;150;55;130;b_elylynai;x
6225;97;71;42;b_gryrod;x
6226;99;157;123;b_sejkie;x
6227;55;216;65;b_zloila;x
6228;158;239;220;b_leconicki;x
6229;34;168;108;b_szccze;x
6230;245;0;197;b_sopzowzew;x
6231;153;75;132;b_kamlsk;x
6232;114;37;222;b_olklibcka;x
6233;113;136;164;b_toskie;x
6234;174;60;142;b_okoszcz;x
6235;70;144;11;b_strszanow;x
6236;195;234;106;b_rucieclaw;x
6237;26;51;126;b_sulpinroj;x
6238;89;43;13;b_dolncz;x
6239;98;176;133;b_labnanacz;x
6240;78;96;205;b_wolleiec;x
6241;12;30;87;b_iloorzzow;x
6242;47;78;177;b_dobsna;x
6243;48;163;31;b_broa_rrne;x
6244;19;31;159;b_sztow;x
6245;178;213;67;b_libgroyce;x
6246;95;96;27;b_siezna;x
6247;203;198;230;b_tysazy;x
6248;203;41;221;b_zginsk;x
6249;1;231;116;b_nare;x
6250;178;216;73;b_teeton;x
6251;139;237;135;b_msznka;x
6252;90;27;229;b_rhardokath;x
6253;248;136;11;b_jasrow;x
6254;168;79;33;b_zacasae;x
6255;39;57;183;b_kayemba;x
6256;71;185;73;b_navis;x
6257;151;155;16;b_jazah;x
6258;71;186;35;b_theaford;x
6259;29;75;10;b_zaknyjny;x
6260;183;252;195;b_racstsin;x
6261;177;41;0;b_przeczowo;x
6262;38;133;214;b_preswen;x
6263;196;205;145;b_olelild;x
6264;7;214;54;b_piljnazym;x
6265;237;92;76;b_koneck;x
6266;37;116;108;b_czehickow;x
6267;150;91;209;b_mikzoggon;x
6268;213;141;47;b_wozre_ora;x
6269;11;61;202;b_zagchy;x
6270;4;191;231;b_gestone;x
6271;16;96;48;b_czalki;x
6272;112;229;39;b_mierzecko;x
6273;160;147;144;b_susuuha;x
6274;170;100;37;b_soksin;x
6275;51;98;100;b_kartno;x
6276;42;43;25;b_aetarandd;x
6277;168;56;69;b_delphodes;x
6278;168;144;37;b_tykonzno;x
6279;192;188;16;b_bourge;x
6280;46;244;79;b_maleah;x
6281;62;30;170;b_lamwik;x
6282;16;136;213;b_szcjow;x
6283;148;51;62;b_wirasien;x
6284;22;36;79;b_olelanna;x
6285;151;95;37;b_plonsk;x
6286;71;247;59;b_wicaulia;x
6287;5;2;65;b_yiwyth;x
6288;150;28;109;b_freyley;x
6289;74;91;169;b_smiice;x
6290;73;36;164;b_koeneg;x
6291;238;133;89;b_zawock;x
6292;141;168;165;b_warawaice;x
6293;250;148;204;b_szpsko;x
6294;138;137;80;b_susae;x
6295;93;163;112;b_suwlowpin;x
6296;213;248;74;b_mora;x
6297;143;56;56;b_gozkie;x
6298;43;76;151;b_zelewo;x
6299;145;178;25;b_mylona;x
6300;179;75;127;b_nirarnacia;x
6301;183;33;217;b_trzkacie;x
6302;216;209;78;b_tureva;x
6303;220;181;126;b_szacha;x
6304;26;18;113;b_nowroj;x
6305;142;214;52;b_lidhan;x
6306;20;94;55;b_gaham;x
6307;60;153;255;b_vileioa;x
6308;206;176;64;b_miholjacz;x
6309;68;42;81;b_wodociewo;x
6310;16;245;81;b_lidlenzew;x
6311;99;6;176;b_jedowa;x
6312;170;231;152;b_choroj;x
6313;184;255;68;b_villona;x
6314;162;131;90;b_fywick;x
6315;21;104;39;b_zywcin;x
6316;137;76;138;b_resficnow;x
6317;17;205;243;b_podyce;x
6318;27;165;182;b_zasfic;x
6319;33;221;218;b_sheabluff;x
6320;45;232;95;b_pozlec;x
6321;185;39;9;b_swinik;x
6322;36;75;22;b_dartrknia;x
6323;40;50;160;b_rymilksko;x
6324;179;148;179;b_dafeld;x
6325;123;193;7;b_milgow;x
6326;43;209;169;b_ilazycola;x
6327;36;154;198;b_skotow;x
6328;241;52;125;b_ledrib;x
6329;109;4;4;b_lekagkie;x
6330;102;11;225;b_uniwen;x
6331;248;60;37;b_nowpacsin;x
6332;57;243;64;b_nowokikie;x
6333;194;217;66;b_zearwen;x
6334;109;221;229;b_szcnki;x
6335;255;209;63;b_sierom;x
6336;38;62;95;b_obeh;x
6337;24;87;28;b_tomrod;x
6338;69;123;95;b_golowa;x
6339;43;123;217;b_zabiuma;x
6340;171;13;198;b_poluchzyn;x
6341;102;74;70;b_rasowo;x
6342;94;69;85;b_tarcki;x
6343;1;93;50;b_ybieven;x
6344;81;143;175;b_jasolazno;x
6345;23;118;25;b_gloark;x
6346;17;190;177;b_quiajole;x
6347;19;112;122;b_thilic;x
6348;30;94;125;b_springbrook;x
6349;100;23;223;b_sageshore;x
6350;163;130;179;b_pronskian;x
6351;189;224;149;b_staemknka;x
6352;213;55;254;b_sepnow;x
6353;40;106;103;b_eretenus;x
6354;209;3;40;b_pyssnizcz;x
6355;145;110;27;b_huumunsmo;x
6356;94;53;36;b_juoinnala;x
6357;68;56;28;b_kirimaara;x
6358;17;96;12;b_nikspamar;x
6359;139;137;85;b_egis;x
6360;130;169;18;b_yliviauha;x
6361;20;97;118;b_kephulyla;x
6362;99;20;118;b_sarvaktra;x
6363;145;126;44;b_torsimlby;x
6364;189;122;37;b_tortaaala;x
6365;49;110;29;b_pihtselmi;x
6366;28;89;146;b_karmoiemi;x
6367;81;72;34;b_lauattumo;x
6368;22;130;147;b_vatppaola;x
6369;61;85;6;b_pomtsanus;x
6370;27;34;138;b_hirlaiula;x
6371;42;33;188;b_kuoijoami;x
6372;15;90;30;b_tuoolaala;x
6373;38;89;19;b_inklolila;x
6374;43;156;177;b_askkulyla;x
6375;96;103;55;b_trapkko;x
6376;94;163;56;b_vestukmen;x
6377;142;24;193;b_halickoki;x
6378;88;118;155;b_suuparcka;x
6379;79;116;59;b_suoakkili;x
6380;13;137;133;b_piiivahja;x
6381;10;38;163;b_kiitioila;x
6382;44;166;129;b_kausalurs;x
6383;187;216;12;b_beywood;x
6384;8;78;104;b_pieiahala;x
6385;72;95;19;b_pajkeeemi;x
6386;42;152;94;b_issvalrpi;x
6387;23;85;159;b_punhteuka;x
6388;12;80;53;b_sunivus;x
6389;44;68;176;b_kinlaxera;x
6390;94;54;4;b_kivlollmi;x
6391;26;131;65;b_kaukeanen;x
6392;191;15;209;b_verkuremi;x
6393;33;144;65;b_ruvranaro;x
6394;76;70;27;b_sunvisuro;x
6395;174;129;41;b_isoninska;x
6396;59;92;64;b_pelasluri;x
6397;76;119;30;b_riukipola;x
6398;37;177;57;b_ruhakkaro;x
6399;34;63;159;b_suuttakko;x
6400;46;75;199;b_alattilmi;x
6401;65;153;130;b_karvanemi;x
6402;24;61;42;b_monnbahto;x
6403;102;241;50;b_abedia;x
6404;92;150;121;b_larakknna;x
6405;87;44;108;b_mochline;x
6406;86;83;89;b_heaheath;x
6407;218;63;92;b_turkkiken;x
6408;47;134;83;b_polerecka;x
6409;124;174;144;b_kaiihaars;x
6410;140;61;170;b_putarola;x
6411;166;185;43;b_jokpeltok;x
6412;167;97;151;b_mutasera;x
6413;17;53;5;b_suodoera;x
6414;111;49;174;b_kukilaara;x
6415;47;114;30;b_varionyla;x
6416;19;66;173;b_numisunen;x
6417;26;79;197;b_berkaptas;x
6418;196;165;91;b_kantaklli;x
6419;31;121;59;b_yliijoula;x
6420;16;92;83;b_harsunmaa;x
6421;104;116;67;b_kupviaila;x
6422;93;108;60;b_hirlimmu;x
6423;16;38;189;b_opojamaa;x
6424;133;148;69;b_skojannen;x
6425;102;18;195;b_rumilaaho;x
6426;39;121;41;b_tyrankoli;x
6427;35;118;16;b_haatukina;x
6428;13;125;222;b_sirntalen;x
6429;147;111;17;b_haltolken;x
6430;213;174;72;b_kouttiela;x
6431;100;103;62;b_mitolanen;x
6432;215;121;209;b_eleajar;x
6433;139;46;35;b_prilathiel;x
6434;37;158;171;b_koitsapaa;x
6435;39;16;199;b_perolso;x
6436;76;63;163;b_penanadal;x
6437;148;82;11;b_jouarkari;x
6438;161;19;205;b_rapmaaala;x
6439;131;120;21;b_aarnuseri;x
6440;77;47;12;b_teualka;x
6441;89;58;120;b_peluvaimo;x
6442;92;85;208;b_sonvasdas;x
6443;25;85;81;b_rhodum;x
6444;100;85;96;b_pits_of_the_spirits_arachnid;x
6445;122;236;95;b_sorismgas;x
6446;62;23;255;b_dralind;x
6447;105;125;199;b_eustathiosion;x
6448;76;131;209;b_viressa;x
6449;105;125;220;b_homeriula;x
6450;134;104;79;b_briand;x
6451;56;44;217;b_bacot;x
6452;6;255;252;b_pagova;x
6453;30;103;225;b_jerilarid;x
6454;37;113;126;b_crommsted;x
6455;3;54;150;b_haoesh;x
6456;143;150;38;b_maukor;x
6457;205;167;34;b_windbite_pass;x
6458;17;18;25;b_momppabox;x
6459;139;83;77;b_rilonhgas;x
6460;198;34;132;b_hamkkohti;x
6461;209;160;33;b_maze_of_the_unknown_king;x
6462;112;251;212;b_lemne;x
6463;24;32;177;b_paephosos;x
6464;24;25;28;b_malkarula;x
6465;221;129;166;b_glukoth;x
6466;130;45;130;b_ohivaratu;x
6467;158;217;85;b_aromand;x
6468;124;130;45;b_kalsaaoki;x
6469;71;30;18;b_staro_apno_S_kocjan;x
6470;160;15;32;b_brazen_labyrinth_of_the_lizard_men;x
6471;23;17;51;b_elind;x
6472;117;166;91;b_vadgrund;x
6473;79;55;163;b_amboinon;x
6474;191;225;208;b_myfield;x
6475;222;145;44;b_byllaris;x
6476;75;10;56;b_abaddon;x
6477;148;119;19;b_cinderspire;x
6478;134;185;115;b_hellwind;x
6479;130;44;117;b_abdsini;x
6480;135;110;24;b_asimila;x
6481;125;85;95;b_bralios;x
6482;125;85;120;b_azathanys;x
6483;19;62;98;b_sitini;x
6484;160;39;64;b_hellethra;x
6485;71;58;14;b_itacuse;x
6486;140;26;74;b_curhyris;x
6487;175;112;112;b_bomba;x
6488;110;88;14;b_vae_chaok_myrdurn;x
6489;38;89;122;b_ternova;x
6490;101;47;169;b_livdi;x
6491;181;164;12;b_livadhokhri;x
6492;85;137;20;b_empi;x
6493;25;125;21;b_tardide;x
6494;105;125;230;b_caelfall;x
6495;25;125;241;b_croydan;x
6496;25;45;236;b_willkill;x
6497;105;125;155;b_peceris;x
6498;25;45;105;b_aceleum;x
6499;129;176;112;b_komataika;x
6500;25;85;66;b_iofososi;x
6501;25;125;126;b_granos;x
6502;100;15;96;b_westidike;x
6503;125;85;81;b_actapmari;x
6504;221;163;147;b_bourada;x
6505;100;85;50;b_boeeryrspiae;x
6506;100;20;136;b_calcheth;x
6507;100;75;191;b_azathanysaxat;x
6508;100;50;61;b_anysaxat;x
6509;100;85;80;b_azathanysax;x
6510;25;45;42;b_marantar;x
6511;33;123;31;b_brodion;x
6512;121;131;255;b_briveks_isles;x
6513;105;125;55;b_aadpoli;x
6514;188;0;60;b_axebee;x
6515;24;89;77;b_meiros;x
6516;25;125;16;b_oraniseia;x
6517;125;85;102;b_tenamar;x
6518;100;15;85;b_maraveliananat;x
6519;25;85;126;b_lkkaanat;x
6520;100;20;145;b_atkanris;x
6521;75;45;192;b_theaeos;x
6522;75;25;117;b_abinfos;x
6523;105;125;175;b_paiene;x
6524;100;50;51;b_atnpus;x
6525;100;5;36;b_pletten;x
6526;25;85;161;b_pyidike;x
6527;100;20;130;b_nornport;x
6528;105;125;134;b_ettervel;x
6529;159;82;47;b_yalataranax;x
6530;25;45;141;b_marantaran;x
6531;125;85;237;b_yalataran;x
6532;100;50;65;b_marantaranax;x
6533;125;85;121;b_olantaranax;x
6534;26;103;87;b_kiandorax;x
6535;25;125;101;b_philippacois;x
6536;125;85;50;b_alalon;x
6537;75;20;95;b_trorau;x
6538;100;75;215;b_rophesizedsaviorax;x
6539;100;75;160;b_esssten;x
6540;25;125;145;b_themaion;x
6541;100;10;46;b_athanysaxat;x
6542;25;85;31;b_thanysaxat;x
6543;114;92;17;b_ephares;x
6544;75;10;52;b_ballyvan;x
6545;25;85;71;b_thraiphon;x
6546;75;35;147;b_athanasiosorpol;x
6547;105;125;39;b_aranata;x
6548;88;215;43;b_paratar;x
6549;100;80;225;b_yaratar;x
6550;100;50;235;b_cymacus;x
6551;25;85;150;b_mollos;x
6552;43;176;176;b_abdyrna;x
6553;25;85;105;b_czavoy;x
6554;125;85;52;b_siarae;x
6555;125;85;200;b_vaneaux;x
6556;197;58;175;b_eubis;x
6557;160;15;26;b_parzifal;x
6558;75;30;136;b_konntarlivia;x
6559;25;45;162;b_essor;x
6560;125;85;97;b_wessier;x
6561;105;125;35;b_sotrof;x
6562;25;45;41;b_hythe;x
6563;25;85;26;b_lairina;x
6564;0;100;8;b_mirtis;x
6565;123;62;31;b_delphymna;x
6566;95;149;119;b_rheponi;x
6567;132;40;16;b_paphoskopeion;x
6568;199;47;42;b_morgadax;x
6569;103;94;15;b_oronthis;x
6570;25;85;131;b_eleutonox;x
6571;25;45;136;b_sergiosnthos;x
6572;105;125;245;b_kanexeos;x
6573;125;85;37;b_negthrae;x
6574;86;180;158;b_aletraika;x
6575;100;50;186;b_histrilibi;x
6576;125;85;51;b_sibrnos;x
6577;105;125;33;b_atharus;x
6578;105;125;185;b_mylys;x
6579;100;50;125;b_corios;x
6580;38;201;87;b_lofoeia;x
6581;75;45;190;b_amutra;x
6582;25;85;23;b_hautin;x
6583;30;65;21;b_salila;x
6584;95;93;200;b_nirylox;x
6585;125;85;216;b_askope;x
6586;100;10;62;b_plarae;x
6587;100;50;93;b_berimas;x
6588;100;20;135;b_megamea;x
6589;100;20;122;b_anabres;x
6590;123;29;29;b_vikermaonnos;x
6591;94;16;52;b_psexia;x
6592;195;124;195;b_oliena;x
6593;104;198;78;b_polneron;x
6594;143;53;53;b_karantos;x
6595;59;100;214;b_nantas;x
6596;58;158;189;b_dumebria;x
6597;220;104;230;b_tsinamahtissa;x
6598;29;144;49;b_meduliam;x
6599;119;22;161;b_travonzos;x
6600;194;102;71;b_tiobrei;x
6601;168;139;20;b_artaxrea;x
6602;22;20;189;b_sitosse;x
6603;81;180;137;b_traxinus;x
6604;169;95;78;b_halonion;x
6605;46;117;160;b_sansiata;x
6606;36;98;114;b_mareus;x
6607;184;102;16;b_vrisolia;x
6608;128;62;195;b_polma_lon;x
6609;111;106;31;b_kliti;x
6610;28;141;55;b_kolssonafell;x
6611;174;58;123;b_pandiamea;x
6612;164;122;68;b_psychragas;x
6613;105;28;135;b_rhta_naeka_ni;x
6614;163;32;68;b_rybna_;x
6615;151;4;0;b_brumow;x
6616;189;15;15;b_el_manaoun;x
6617;18;61;160;b_haukitra;x
6618;166;66;66;b_tantaous;x
6619;64;148;89;b_christnach;x
6620;100;85;60;b_henion;x
6621;90;26;25;b_galli;x
6622;215;119;185;b_teriyah;x
6623;172;104;45;b_gortsa;x
6624;250;206;90;b_megalauros;x
6625;178;132;72;b_karagch;x
6626;39;60;155;b_hamelin;x
6627;85;84;26;b_torjanci;x
6628;75;45;200;b_theophanesopol;x
6629;87;49;29;b_goldhausen;x
6630;75;25;122;b_blearthex;x
6631;21;67;51;b_wassor;x
6632;105;125;73;b_erethone;x
6633;100;15;82;b_maeonias;x
6634;25;125;35;b_siln;x
6635;196;97;116;b_slones;x
6636;154;138;33;b_nysasla_de;x
6637;131;145;84;b_kmi;x
6638;197;141;61;b_delphion;x
6639;105;125;85;b_ascension;x
6640;31;100;182;b_tsifka;x
6641;110;55;20;b_paeracponia;x
6642;105;125;113;b_yopixcois;x
6643;76;218;216;b_antiameria;x
6644;31;174;39;b_sybosse;x
6645;22;36;104;b_isos_mistir;x
6646;21;83;16;b_graute;x
6647;86;75;8;b_baridos;x
6648;100;72;16;b_theonae;x
6649;123;90;159;b_isos_poluth;x
6650;69;190;117;b_pylassus;x
6651;25;85;120;b_himolgi;x
6652;40;140;53;b_kourios;x
6653;172;76;41;b_maesith;x
6654;108;31;147;b_oronta;x
6655;116;51;59;b_dodiae;x
6656;100;85;95;b_royat;x
6657;11;151;164;b_thyricos;x
6658;178;20;20;b_prolies;x
6659;103;90;112;b_kalndra;x
6660;171;134;29;b_hieroebes;x
6661;176;145;68;b_torixos;x
6662;184;51;75;b_mallada;x
6663;25;85;136;b_gelitaxe;x
6664;41;161;96;b_lethor_isos;x
6665;77;100;126;b_dimynx;x
6666;96;158;173;b_cnidepios;x
6667;197;138;122;b_potagas;x
6668;75;40;171;b_milisos;x
6669;116;76;97;b_sectraeond;x
6670;116;119;149;b_matraril;x
6671;18;165;85;b_tiste;x
6672;61;166;155;b_kryglos;x
6673;90;30;10;b_sope;x
6674;225;103;63;b_filwiyyan;x
6675;96;51;36;b_agroen;x
6676;75;25;120;b_ghabriliabol;x
6677;16;215;70;b_demaikastro;x
6678;21;114;37;b_barios;x
6679;11;78;25;b_aersanoxthynx;x
6680;41;69;119;b_stalaxanthanos;x
6681;69;165;95;b_avralarixiad;x
6682;169;57;14;b_menthos;x
6683;102;17;80;b_talathyntx;x
6684;53;99;22;b_issicianthan;x
6685;43;143;80;b_orasnaxithyn;x
6686;66;39;201;b_ptelasa;x
6687;116;71;160;b_aesthanior;x
6688;173;4;204;b_taguisogon;x
6689;88;126;92;b_cabucurong;x
6690;76;251;72;b_baupapan;x
6691;253;31;188;b_sagemoor;x
6692;35;25;153;b_nabawe;x
6693;26;236;5;b_siekeo;x
6694;173;220;130;b_sekhon;x
6695;213;37;64;b_navotay;x
6696;38;63;214;b_bigal;x
6697;76;57;205;b_horondari;x
6698;205;163;57;b_9352;x
6699;4;138;115;b_the_bronzeport;x
6700;59;101;33;b_dawektar;x
6701;144;214;217;b_dedalet;x
6702;205;229;110;b_ingbaung;x
6703;75;94;2;b_9347;x
6704;163;198;160;b_machanthayi;x
6705;130;23;75;b_9373;x
6706;91;174;30;b_banadal;x
6707;75;150;165;b_9374;x
6708;176;232;0;b_panasay;x
6709;207;253;52;b_wunlet;x
6710;19;74;30;b_9345;x
6711;225;43;73;b_tuguegayan;x
6712;79;97;25;b_rakhon;x
6713;213;159;89;b_gigan;x
6714;8;58;62;b_9348;x
6715;193;120;99;b_tanoz;x
6716;61;52;211;b_kemamat;x
6717;67;30;199;b_lamigay;x
6718;203;224;255;b_perjung;x
6719;131;116;236;b_khmaura_ng;x
6720;89;213;205;b_9350;x
6721;225;185;5;b_9384;x
6722;100;60;100;b_kelanga;x
6723;23;155;65;b_kulang;x
6724;185;175;41;b_khlutai;x
6725;19;151;89;b_taradan;x
6726;190;76;60;b_mojokejeren;x
6727;95;50;155;b_romdong;x
6728;60;162;60;b_sabunan;x
6729;90;72;20;b_9346;x
6730;22;148;196;b_tokati;x
6731;66;248;28;b_iliyawan;x
6732;220;58;79;b_9349;x
6733;202;46;165;b_alde;x
6734;171;65;89;b_thayakho_ford;x
6735;114;1;47;b_tagapu;x
6736;22;18;195;b_tanmahi;x
6737;51;187;115;b_bentra;x
6738;205;214;18;b_9360;x
6739;43;13;218;b_litay;x
6740;126;246;247;b_tuy_tre;x
6741;123;254;198;b_sitie;x
6742;46;52;143;b_surinaque;x
6743;127;60;116;b_9359;x
6744;78;33;218;b_quy_ba_i;x
6745;177;124;126;b_purtam;x
6746;144;21;69;b_suopenh;x
6747;194;190;112;b_catsig;x
6748;157;143;23;b_sigmulih;x
6749;54;90;54;b_aranthum;x
6750;153;71;25;b_9354;x
6751;192;100;216;b_sumbin;x
6752;250;49;30;b_pekanmulih;x
6753;95;153;27;b_bilo;x
6754;66;87;11;b_yograuke;x
6755;255;200;80;b_9382;x
6756;4;230;98;b_miyora;x
6757;115;107;169;b_baglan;x
6758;238;227;99;b_hsawthmu;x
6759;184;224;91;b_khurey;x
6760;103;57;75;b_rareik;x
6761;91;255;37;b_magicback;x
6762;29;214;70;b_nagapamit;x
6763;169;21;56;b_9383;x
6764;21;36;169;b_ratchathon;x
6765;122;45;100;b_9353;x
6766;155;248;58;b_htantalin;x
6767;150;58;238;b_9357;x
6768;239;96;67;b_mandalaran;x
6769;107;184;208;b_tasikmalaya;x
6770;172;106;62;b_phan_tau;x
6771;190;57;57;b_9358;x
6772;170;230;212;b_astrolory;x
6773;28;157;125;b_hsawnze;x
6774;85;118;149;b_ponboh;x
6775;2;250;199;b_seremjang;x
6776;96;142;164;b_pekanma;x
6777;225;225;65;b_9363;x
6778;228;96;43;b_shwedaung;x
6779;165;167;27;b_9377;x
6780;107;130;56;b_kanbak;x
6781;50;70;215;b_9364;x
6782;190;23;172;b_9376;x
6783;252;74;71;b_tolebas;x
6784;209;35;241;b_darak;x
6785;81;109;208;b_carsogon;x
6786;100;35;30;b_9367;x
6787;22;40;101;b_probomasin;x
6788;177;194;228;b_sathaya;x
6789;13;226;147;b_bukittalo;x
6790;226;13;50;b_9369;x
6791;20;188;68;b_sibolgau;x
6792;158;70;225;b_9368;x
6793;199;99;255;b_bemakan;x
6794;200;156;21;b_tuakok;x
6795;197;213;89;b_9375;x
6796;52;160;58;b_9351;x
6797;191;231;226;b_olonlapan;x
6798;74;98;100;b_liberang;x
6799;159;20;157;b_uttathom;x
6800;81;33;144;b_mopot;x
6801;214;205;20;b_takuon;x
6802;23;6;46;b_diporawi;x
6803;20;50;250;b_denjur;x
6804;201;208;153;b_phothatharam;x
6805;214;137;42;b_ben_ha;x
6806;6;40;48;b_sarapang;x
6807;85;244;9;b_summermoor;x
6808;224;198;70;b_horonkarta;x
6809;241;36;33;b_poirey;x
6810;239;67;235;b_9356;x
6811;63;42;214;b_9372;x
6812;125;79;40;b_bahal;x
6813;25;150;37;b_9362;x
6814;240;6;86;b_uong_long;x
6815;173;185;82;b_muntingoog;x
6816;244;9;191;b_9380;x
6817;166;113;26;b_mabales;x
6818;128;6;90;b_9370;x
6819;37;130;165;b_saraknan;x
6820;117;161;65;b_mojodari;x
6821;185;180;25;b_9371;x
6822;155;157;47;b_9378;x
6823;209;111;119;b_nong_sanat;x
6824;33;145;18;b_9365;x
6825;196;125;151;b_sarakhli;x
6826;120;42;185;b_son_bi;x
6827;57;157;190;b_buon_ma_quang;x
6828;196;185;67;b_sake;x
6829;235;47;240;b_ordal;x
6830;193;203;187;b_baje;x
6831;216;176;57;b_nanlan;x
6832;189;91;123;b_my_duong;x
6833;157;184;106;b_fengli;x
6834;53;35;33;b_bawlong;x
6835;94;147;97;b_pekaboh;x
6836;135;252;182;b_dasmabalay;x
6837;23;198;173;b_sacauayan;x
6838;240;120;59;b_nebu;x
6839;40;140;10;b_voyang;x
6840;105;20;131;b_cagadag;x
6841;216;61;201;b_phandan;x
6842;140;72;18;b_kyuan;x
6843;6;97;128;b_chariram;x
6844;152;187;87;b_kandaeng;x
6845;13;130;34;b_9381;x
6846;219;132;172;b_lang_bi;x
6847;33;67;238;b_belabawan;x
6848;54;179;124;b_lawmai;x
6849;126;61;133;b_shishu;x
6850;70;123;39;b_tan_yen;x
6851;183;166;253;b_son_duong;x
6852;21;193;198;b_wanghsiang;x
6853;145;86;191;b_thudao;x
6854;52;117;166;b_kochung;x
6855;212;235;13;b_mate;x
6856;238;139;145;b_mumat;x
6857;170;20;85;b_9361;x
6858;132;215;2;b_long_la;x
6859;240;115;33;b_pangchan;x
6860;90;147;158;b_ale;x
6861;220;245;146;b_nam_ca_i;x
6862;191;172;56;b_chaephon;x
6863;31;134;235;b_polo;x
6864;74;167;148;b_thanh_long;x
6865;77;53;160;b_kolen;x
6866;95;108;143;b_chinshan;x
6867;221;72;189;b_hai_lieu;x
6868;165;203;159;b_tsela;x
6869;44;92;149;b_hung_tinh;x
6870;158;29;204;b_piwu;x
6871;210;176;152;b_hung_taogong;x
6872;56;26;178;b_tale;x
6873;245;145;38;b_mahacha;x
6874;208;224;112;b_nungmo;x
6875;170;246;89;b_mohsu;x
6876;225;74;197;b_chengtien;x
6877;101;244;77;b_fukuo;x
6878;80;225;146;b_soc_xuyen;x
6879;77;200;225;b_kuangchih;x
6880;225;227;52;b_haifang;x
6881;67;101;143;b_bislos;x
6882;178;227;120;b_yinho;x
6883;209;83;39;b_yunglung;x
6884;203;205;22;b_tralong;x
6885;196;114;22;b_sebatangan;x
6886;170;175;4;b_thanh_la;x
6887;197;20;173;b_lao_thuot;x
6888;204;161;86;b_paima;x
6889;110;16;194;b_ca_cha;x
6890;222;165;77;b_pingshun;x
6891;244;102;72;b_balaga;x
6892;166;65;50;b_ben_ba_i;x
6893;153;52;224;b_tuabatangan;x
6894;133;20;67;b_quang_tri;x
6895;222;38;218;b_hsienli;x
6896;181;70;21;b_chinpien;x
6897;205;19;26;b_lang_ky;x
6898;192;47;225;b_kon_duong;x
6899;140;98;94;b_errotuil;x
6900;102;158;139;b_hsining;x
6901;20;128;232;b_tha_chadahan;x
6902;131;67;123;b_thanh_dec;x
6903;67;135;121;b_pangtung;x
6904;74;180;84;b_furang;x
6905;145;153;10;b_huafu;x
6906;106;153;160;b_thurin;x
6907;219;46;45;b_ha_phu;x
6908;214;172;58;b_rach_thuot;x
6909;222;162;49;b_chingmai;x
6910;106;179;52;b_mangchieh;x
6911;159;110;116;b_son_mau;x
6912;201;105;41;b_kanpeng;x
6913;173;144;204;b_ninh_binh;x
6914;162;72;222;b_lungmen;x
6915;51;9;159;b_paukyi_ing;x
6916;125;72;131;b_bepang_mot;x
6917;151;95;196;b_pashu;x
6918;57;82;52;b_sihaleung;x
6919;69;175;61;b_chumthon;x
6920;47;66;194;b_sechun;x
6921;207;6;23;b_kaeriram;x
6922;100;201;180;b_kayang;x
6923;19;85;180;b_buon_ma_dinh;x
6924;108;176;56;b_udothiwat;x
6925;23;147;191;b_maha;x
6926;38;218;25;b_my_nhon;x
6927;59;31;18;b_tuy_bi;x
6928;191;14;100;b_shaye;x
6929;28;202;188;b_ruehom;x
6930;118;150;178;b_pematang;x
6931;92;16;136;b_quan_duon;x
6932;55;209;83;b_wentan;x
6933;96;108;148;b_lembah;x
6934;26;242;201;b_vung_hoi;x
6935;38;192;235;b_wuwen;x
6936;170;122;176;b_lewu;x
6937;224;45;37;b_matakerto;x
6938;34;176;163;b_sulin;x
6939;30;101;171;b_lashu;x
6940;65;168;142;b_hole;x
6941;227;165;98;b_silen;x
6942;211;146;62;b_rach_bi;x
6943;157;36;158;b_ninh_hoa_ly;x
6944;219;130;169;b_panghsun;x
6945;118;151;2;b_dongnom;x
6946;201;143;144;b_citinggi;x
6947;62;89;67;b_tohuan;x
6948;201;132;178;b_mengle;x
6949;252;241;228;b_lat_lualang;x
6950;55;148;94;b_taclodal;x
6951;58;135;55;b_mogok;x
6952;43;132;55;b_korlnamala;x
6953;37;135;79;b_taunggyi;x
6954;37;141;91;b_pyinmana;x
6955;40;154;103;b_tamu;x
6956;52;166;103;b_loikaw;x
6957;65;136;119;b_dedaye;x
6958;28;141;91;b_myingyan;x
6959;65;172;119;b_zalun;x
6960;62;154;119;b_bogale;x
6961;42;129;103;b_yezin;x
6962;37;123;91;b_mawlantom;x
6963;62;178;113;b_pathein;x
6964;115;167;136;b_bago;x
6965;18;116;86;b_adhit_tom;x
6966;115;178;113;b_pyay;x
6967;71;184;107;b_nalay;x
6968;46;85;79;b_naypyidaw;x
6969;19;94;70;b_myitsaung;x
6970;49;91;55;b_khetharalak;x
6971;63;144;75;b_khupong;x
6972;10;103;70;b_myeik;x
6973;43;79;85;b_dawei;x
6974;49;91;43;b_thandwe;x
6975;37;88;76;b_thanlyin;x
6976;43;75;55;b_prerom;x
6977;43;97;55;b_kyaukpyu;x
6978;52;70;79;b_hpa_an;x
6979;110;233;97;b_lopming;x
6980;36;87;31;b_songdahan;x
6981;203;100;98;b_lubukbang;x
6982;160;47;168;b_kehad;x
6983;41;57;243;b_bankarta;x
6984;103;19;214;b_malet;x
6985;52;145;106;b_mouran;x
6986;66;132;80;b_chauk;x
6987;58;148;97;b_minbuan;x
6988;87;111;74;b_sittwe;x
6989;73;160;82;b_maungdaw;x
6990;52;163;133;b_pantanaw;x
6991;67;181;124;b_taungoo;x
6992;73;175;79;b_yamtho;x
6993;69;129;95;b_pindaya;x
6994;54;138;95;b_phnotambang;x
6995;58;151;100;b_monywa;x
6996;51;120;83;b_minprabum;x
6997;66;132;104;b_moh;x
6998;58;184;85;b_kalemyo;x
6999;64;178;61;b_hsipaw;x
7000;70;160;91;b_kyas;x
7001;58;169;112;b_kengtung;x
7002;49;66;37;b_myinthar_kyun;x
7003;55;69;16;b_mirudu;x
7004;61;90;34;b_kyaukme;x
7005;73;90;37;b_hinahamda;x
7006;43;90;28;b_bukitlok;x
7007;37;84;49;b_ywangan;x
7008;52;69;25;b_kyaiktiyo;x
7009;64;84;31;b_thatond;x
7010;31;102;59;b_shwebo;x
7011;37;126;85;b_krarieng;x
7012;41;155;97;b_purphos;x
7013;58;75;34;b_gwa_hullo;x
7014;43;81;46;b_himanan;x
7015;49;66;31;b_kyon_hullo;x
7016;64;78;31;b_mudon;x
7017;41;223;155;b_lat_samarat;x
7018;34;87;31;b_payaje;x
7019;64;157;94;b_sisoleang;x
7020;70;90;34;b_gyi_taw;x
7021;109;210;160;b_sa_ninh;x
7022;64;90;34;b_baland;x
7023;18;155;89;b_meiktila;x
7024;85;154;42;b_aungkan;x
7025;58;72;22;b_taratalo;x
7026;52;157;82;b_hakha;x
7027;40;75;43;b_vrishanagar;x
7028;40;81;43;b_ha_ky;x
7029;60;138;98;b_katha;x
7030;49;160;94;b_pakokku;x
7031;48;123;86;b_hmawdanggyi;x
7032;49;178;85;b_lashio;x
7033;65;98;74;b_thornhaefen;x
7034;51;62;172;b_grimstones;x
7035;107;56;17;b_runholt;x
7036;112;23;42;b_wulfclif;x
7037;94;98;29;b_haegfaeste;x
7038;13;29;15;b_fy_rwaesc;x
7039;50;54;43;b_brycgmere;x
7040;42;42;43;b_saewold;x
7041;71;71;71;b_craeftheol;x
7042;185;200;159;b_aescbrim;x
7043;75;168;39;b_hreodby_;x
7044;94;94;94;b_eoforcaester;x
7045;189;185;185;b_saelwic;x
7046;136;136;136;b_raecgford;x
7047;63;63;63;b_dunfeld;x
7048;234;53;100;b_baernbaerg;x
7049;89;156;105;b_hraefenholm;x
7050;54;54;54;b_leodsae;x
7051;232;33;40;b_byrnscraef;x
7052;120;174;158;b_hringtor;x
7053;4;161;18;b_galdorclif;x
7054;83;97;124;b_wigholt;x
7055;95;96;115;b_ealdwyrc;x
7056;182;173;181;b_baldsta_n;x
7057;102;232;31;b_cyningholt;x
7058;163;21;39;b_dy_rholt;x
7059;30;30;30;b_maerclond;x
7060;72;122;183;b_freawael;x
7061;24;55;93;b_blaecwaec;x
7062;22;62;74;b_haelford;x
7063;133;64;100;b_stanheafod;x
7064;112;55;108;b_brunclif;x
7065;44;73;54;b_faestholm;x
7066;11;36;67;b_gry_ting;x
7067;71;108;49;b_a_lfcraeg;x
7068;59;55;44;b_haegscaer;x
7069;12;47;77;b_eorlholm;x
7070;62;62;68;b_caegsae;x
7071;36;172;136;b_tungolholt;x
7072;41;41;41;b_eorlsta_n;x
7073;41;141;84;b_leofmere;x
7074;130;144;55;b_blaecanes;x
7075;153;6;62;b_stanhraefen;x
7076;218;4;224;b_ga_rclif;x
7077;42;42;42;b_haedhraed;x
7078;239;131;44;b_waefen;x
7079;23;173;189;b_hrutsta_n;x
7080;131;142;162;b_dry_geor;x
7081;191;108;108;b_cyndor;x
7082;169;82;82;b_hraegmere;x
7083;22;47;196;b_byrgholt;x
7084;152;50;88;b_haedfel;x
7085;7;79;26;b_blaecsta_n;x
7086;17;151;92;b_raedsae;x
7087;143;64;93;b_waelholm;x
7088;240;28;36;b_saewulf;x
7089;20;116;88;b_weland;x
7090;192;23;56;b_wiceorl;x
7091;218;114;211;b_blaecheol;x
7092;59;24;91;b_ly_tscraef;x
7093;18;140;99;b_haegenholt;x
7094;1;206;13;b_dunskaer;x
7095;128;114;12;b_fy_rscaeg;x
7096;96;145;152;b_scirscaer;x
7097;6;184;171;b_brimholt;x
7098;24;22;196;b_haerfeld;x
7099;115;203;29;b_wicfeld;x
7100;204;244;60;b_heorotsta_n;x
7101;135;41;15;b_wiging;x
7102;156;155;16;b_hraefmere;x
7103;127;108;46;b_gry_msta_n;x
7104;168;38;38;b_saedun;x
7105;103;103;36;b_raedhaefen;x
7106;110;73;144;b_wigaes;x
7107;165;129;61;b_blaecheald;x
7108;31;41;134;b_haegscir;x
7109;86;95;182;b_sta_ncy_nn;x
7110;86;196;77;b_kralarow;x
7111;76;29;141;b_szcski;x
7112;65;201;34;b_ga_rfeld;x
7113;208;40;211;b_saehaefen;x
7114;192;23;55;b_cy_ningsta_n;x
7115;17;48;11;b_graetor;x
7116;19;61;38;b_maerholm;x
7117;74;44;15;b_wilcraeg;x
7118;110;45;130;w_nonstandard_province_110_45_130;x
7119;52;148;168;w_nonstandard_province_52_148_168;x
7120;58;81;0;w_nonstandard_province_58_81_0;x
7121;31;192;211;w_nonstandard_province_31_192_211;x
7122;25;172;129;w_nonstandard_province_25_172_129;x
7123;23;100;112;w_nonstandard_province_23_100_112;x
7124;112;100;100;w_nonstandard_province_112_100_100;x
7125;155;99;56;w_nonstandard_province_155_99_56;x
7126;159;60;211;w_nonstandard_province_159_60_211;x
7127;214;69;38;w_nonstandard_province_214_69_38;x
7128;143;194;70;w_nonstandard_province_143_194_70;x
7129;24;19;83;w_nonstandard_province_24_19_83;x
7130;255;252;210;w_nonstandard_province_255_252_210;x
7131;137;142;72;w_nonstandard_province_137_142_72;x
7132;154;137;73;w_nonstandard_province_154_137_73;x
7133;106;91;61;w_nonstandard_province_106_91_61;x
7134;111;97;69;w_nonstandard_province_111_97_69;x
7135;22;7;217;w_nonstandard_province_22_7_217;x
7136;89;84;84;w_nonstandard_province_89_84_84;x
7137;54;47;45;w_nonstandard_province_54_47_45;x
7138;90;81;46;w_nonstandard_province_90_81_46;x
7139;44;201;135;w_nonstandard_province_44_201_135;x
7140;192;115;35;w_nonstandard_province_192_115_35;x
7141;19;27;126;w_nonstandard_province_19_27_126;x
7142;75;73;66;w_nonstandard_province_75_73_66;x
7143;74;64;64;w_nonstandard_province_74_64_64;x
7144;59;54;54;w_nonstandard_province_59_54_54;x
7145;70;58;58;w_nonstandard_province_70_58_58;x
7146;52;42;42;w_nonstandard_province_52_42_42;x
7147;107;91;91;w_nonstandard_province_107_91_91;x
7148;94;83;83;w_nonstandard_province_94_83_83;x
7149;114;95;95;w_nonstandard_province_114_95_95;x
7150;96;74;74;w_nonstandard_province_96_74_74;x
7151;52;48;48;w_nonstandard_province_52_48_48;x
7152;42;36;36;w_nonstandard_province_42_36_36;x
7153;67;57;57;w_nonstandard_province_67_57_57;x
7154;58;50;51;w_nonstandard_province_58_50_51;x
7155;107;87;87;w_nonstandard_province_107_87_87;x
7156;96;81;51;w_nonstandard_province_96_81_51;x
7157;102;93;74;w_nonstandard_province_102_93_74;x
7158;38;36;32;w_nonstandard_province_38_36_32;x
7159;120;110;90;w_nonstandard_province_120_110_90;x
7160;90;81;63;w_nonstandard_province_90_81_63;x
7161;103;96;82;w_nonstandard_province_103_96_82;x
7162;63;61;54;w_nonstandard_province_63_61_54;x
7163;45;44;41;w_nonstandard_province_45_44_41;x
7164;34;33;31;w_nonstandard_province_34_33_31;x
7165;61;55;44;w_nonstandard_province_61_55_44;x
7166;98;88;47;w_nonstandard_province_98_88_47;x
7167;83;78;56;w_nonstandard_province_83_78_56;x
7168;141;129;77;w_nonstandard_province_141_129_77;x
7169;73;66;41;w_nonstandard_province_73_66_41;x
7170;74;69;50;w_nonstandard_province_74_69_50;x
7171;112;103;64;w_nonstandard_province_112_103_64;x
7172;71;65;39;w_nonstandard_province_71_65_39;x
7173;86;76;36;w_nonstandard_province_86_76_36;x
7174;82;70;47;w_nonstandard_province_82_70_47;x
7175;112;101;53;w_nonstandard_province_112_101_53;x
7176;135;123;72;w_nonstandard_province_135_123_72;x
7177;91;86;67;w_nonstandard_province_91_86_67;x
7178;100;93;63;w_nonstandard_province_100_93_63;x
7179;58;53;30;w_nonstandard_province_58_53_30;x
7180;66;61;40;w_nonstandard_province_66_61_40;x
7181;77;71;49;w_nonstandard_province_77_71_49;x
7182;45;46;46;w_nonstandard_province_45_46_46;x
7183;81;68;69;w_nonstandard_province_81_68_69;x
7184;71;59;60;w_nonstandard_province_71_59_60;x
7185;49;41;42;w_nonstandard_province_49_41_42;x
7186;53;48;48;w_nonstandard_province_53_48_48;x
7187;41;36;36;w_nonstandard_province_41_36_36;x
7188;50;50;53;w_nonstandard_province_50_50_53;x
7189;36;29;29;w_nonstandard_province_36_29_29;x
7190;61;52;52;w_nonstandard_province_61_52_52;x
7191;53;43;43;w_nonstandard_province_53_43_43;x
7192;49;42;42;w_nonstandard_province_49_42_42;x
7193;62;54;54;w_nonstandard_province_62_54_54;x
7194;48;42;42;w_nonstandard_province_48_42_42;x
7195;58;50;50;w_nonstandard_province_58_50_50;x
7196;40;33;33;w_nonstandard_province_40_33_33;x
7197;55;53;48;w_nonstandard_province_55_53_48;x
7198;112;104;87;w_nonstandard_province_112_104_87;x
7199;55;53;47;w_nonstandard_province_55_53_47;x
7200;100;92;69;w_nonstandard_province_100_92_69;x
7201;37;36;33;w_nonstandard_province_37_36_33;x
7202;50;48;42;w_nonstandard_province_50_48_42;x
7203;79;73;54;w_nonstandard_province_79_73_54;x
7204;31;34;151;w_nonstandard_province_31_34_151;x
7205;64;44;108;w_nonstandard_province_64_44_108;x
7206;84;25;160;w_nonstandard_province_84_25_160;x
7207;147;25;25;w_nonstandard_province_147_25_25;x
7208;104;20;152;w_nonstandard_province_104_20_152;x
7209;66;90;118;w_nonstandard_province_66_90_118;x
7210;50;50;50;w_nonstandard_province_50_50_50;x
7211;28;28;28;w_nonstandard_province_28_28_28;x
7212;52;52;52;w_nonstandard_province_52_52_52;x
7213;62;62;62;w_nonstandard_province_62_62_62;x
7214;102;102;102;w_nonstandard_province_102_102_102;x
7215;51;52;63;w_nonstandard_province_51_52_63;x
7216;69;69;69;w_nonstandard_province_69_69_69;x
7217;112;112;112;w_nonstandard_province_112_112_112;x
7218;83;83;83;w_nonstandard_province_83_83_83;x
7219;95;95;95;w_nonstandard_province_95_95_95;x
7220;50;54;87;w_nonstandard_province_50_54_87;x
7221;54;55;69;w_nonstandard_province_54_55_69;x
7222;43;45;63;w_nonstandard_province_43_45_63;x
7223;27;28;44;w_nonstandard_province_27_28_44;x
7224;71;74;102;w_nonstandard_province_71_74_102;x
7225;47;48;61;w_nonstandard_province_47_48_61;x
7226;22;23;41;w_nonstandard_province_22_23_41;x
7227;37;38;49;w_nonstandard_province_37_38_49;x
7228;62;63;73;w_nonstandard_province_62_63_73;x
7229;76;78;102;w_nonstandard_province_76_78_102;x
7230;75;75;90;w_nonstandard_province_75_75_90;x
7231;23;96;118;w_nonstandard_province_23_96_118;x
7232;48;94;188;w_nonstandard_province_48_94_188;x
7233;37;130;174;w_nonstandard_province_37_130_174;x
7234;31;30;30;w_nonstandard_province_31_30_30;x
7235;53;51;51;w_nonstandard_province_53_51_51;x
7236;81;76;76;w_nonstandard_province_81_76_76;x
7237;57;57;57;w_nonstandard_province_57_57_57;x
7238;163;63;172;w_nonstandard_province_163_63_172;x
7239;174;0;216;w_nonstandard_province_174_0_216;x
7240;116;21;15;w_nonstandard_province_116_21_15;x
7241;174;75;146;m_impassable_mountains_7943;x
7242;108;22;43;w_nonstandard_province_108_22_43;x
7243;98;89;13;w_nonstandard_province_98_89_13;x
7244;168;170;18;w_nonstandard_province_168_170_18;x
7245;162;20;150;w_nonstandard_province_162_20_150;x
7246;156;20;150;w_nonstandard_province_156_20_150;x
7247;41;51;163;w_nonstandard_province_41_51_163;x
7248;149;146;65;w_nonstandard_province_149_146_65;x
7249;31;63;194;w_nonstandard_province_31_63_194;x
7250;75;176;34;w_nonstandard_province_75_176_34;x
7251;86;19;43;w_nonstandard_province_86_19_43;x
7252;123;111;127;w_nonstandard_province_123_111_127;x
7253;50;11;127;w_nonstandard_province_50_11_127;x
7254;50;8;114;w_nonstandard_province_50_8_114;x
7255;255;16;253;w_nonstandard_province_255_16_253;x
7256;125;85;181;w_nonstandard_province_125_85_181;x
7257;117;130;44;w_nonstandard_province_117_130_44;x
7258;25;45;16;w_nonstandard_province_25_45_16;x
7259;75;10;61;w_nonstandard_province_75_10_61;x
7260;19;56;96;w_nonstandard_province_19_56_96;x
7261;100;5;31;w_nonstandard_province_100_5_31;x
7262;53;130;44;w_nonstandard_province_53_130_44;x
7263;12;89;34;w_nonstandard_province_12_89_34;x
7264;100;85;75;w_nonstandard_province_100_85_75;x
7265;140;53;144;w_nonstandard_province_140_53_144;x
7266;45;36;46;w_nonstandard_province_45_36_46;x
7267;35;36;46;w_nonstandard_province_35_36_46;x
7268;110;110;110;w_nonstandard_province_110_110_110;x
7269;177;182;12;w_nonstandard_province_177_182_12;x
7270;64;145;91;w_nonstandard_province_64_145_91;x
7271;17;86;40;w_nonstandard_province_17_86_40;x
7272;56;56;56;w_nonstandard_province_56_56_56;x
7273;35;56;56;w_nonstandard_province_35_56_56;x
7274;135;36;46;w_nonstandard_province_135_36_46;x
7275;135;136;46;w_nonstandard_province_135_136_46;x
7276;135;146;146;w_nonstandard_province_135_146_146;x
7277;145;146;146;w_nonstandard_province_145_146_146;x
7278;155;146;146;w_nonstandard_province_155_146_146;x
7279;106;87;87;w_nonstandard_province_106_87_87;x
7280;130;25;18;w_nonstandard_province_130_25_18;x
7281;16;22;99;w_nonstandard_province_16_22_99;x
7282;48;59;178;w_nonstandard_province_48_59_178;x
7283;214;111;0;w_nonstandard_province_214_111_0;x
7284;15;48;63;w_nonstandard_province_15_48_63;x
7285;229;102;52;w_nonstandard_province_229_102_52;x
7286;160;69;33;w_nonstandard_province_160_69_33;x
7287;119;215;154;w_nonstandard_province_119_215_154;x
7288;99;51;60;w_nonstandard_province_99_51_60;x
7289;127;129;159;w_nonstandard_province_127_129_159;x
7290;200;21;60;w_nonstandard_province_200_21_60;x
7291;1;107;108;w_nonstandard_province_1_107_108;x
7292;15;72;96;w_nonstandard_province_15_72_96;x
7293;169;108;108;w_nonstandard_province_169_108_108;x
7294;88;145;116;w_nonstandard_province_88_145_116;x
7295;148;128;23;w_nonstandard_province_148_128_23;x
7296;28;46;22;w_nonstandard_province_28_46_22;x
7297;64;90;30;w_nonstandard_province_64_90_30;x
7298;36;56;173;w_nonstandard_province_36_56_173;x
7299;77;115;19;w_nonstandard_province_77_115_19;x
7300;143;9;193;w_nonstandard_province_143_9_193;x
7301;64;152;85;w_nonstandard_province_64_152_85;x
7302;80;116;98;w_nonstandard_province_80_116_98;x
7303;152;177;27;w_nonstandard_province_152_177_27;x
7304;56;85;13;w_nonstandard_province_56_85_13;x
7305;87;19;111;w_nonstandard_province_87_19_111;x
7306;155;34;198;w_nonstandard_province_155_34_198;x
7307;9;10;61;w_nonstandard_province_9_10_61;x
7308;255;130;35;w_nonstandard_province_255_130_35;x
7309;211;101;165;w_nonstandard_province_211_101_165;x
7310;57;18;196;w_nonstandard_province_57_18_196;x
7311;201;84;15;w_nonstandard_province_201_84_15;x
7312;11;147;153;w_nonstandard_province_11_147_153;x
7313;16;70;127;w_nonstandard_province_16_70_127;x
7314;19;53;89;w_nonstandard_province_19_53_89;x
7315;118;32;69;w_nonstandard_province_118_32_69;x
7316;152;136;26;w_nonstandard_province_152_136_26;x
7317;185;184;71;w_nonstandard_province_185_184_71;x
7318;38;161;147;w_nonstandard_province_38_161_147;x
7319;22;191;55;w_nonstandard_province_22_191_55;x
7320;85;163;82;w_nonstandard_province_85_163_82;x
7321;57;68;184;w_nonstandard_province_57_68_184;x
7322;95;160;65;w_nonstandard_province_95_160_65;x
7323;95;16;16;w_nonstandard_province_95_16_16;x
7324;205;137;81;w_nonstandard_province_205_137_81;x
7325;99;97;41;w_nonstandard_province_99_97_41;x
7326;166;164;84;w_nonstandard_province_166_164_84;x
7327;74;43;135;w_nonstandard_province_74_43_135;x
7328;12;117;122;w_nonstandard_province_12_117_122;x
7329;62;29;69;w_nonstandard_province_62_29_69;x
7330;128;24;135;w_nonstandard_province_128_24_135;x
7331;84;14;140;w_nonstandard_province_84_14_140;x
7332;50;16;59;w_nonstandard_province_50_16_59;x
7333;80;209;144;w_nonstandard_province_80_209_144;x
7334;210;190;56;w_nonstandard_province_210_190_56;x
7335;151;26;176;w_nonstandard_province_151_26_176;x
7336;13;92;30;w_nonstandard_province_13_92_30;x
7337;31;129;232;w_nonstandard_province_31_129_232;x
7338;82;132;23;w_nonstandard_province_82_132_23;x
7339;119;189;36;w_nonstandard_province_119_189_36;x
7340;214;89;23;w_nonstandard_province_214_89_23;x
7341;131;76;47;w_nonstandard_province_131_76_47;x
7342;127;81;219;w_nonstandard_province_127_81_219;x
7343;226;68;18;w_nonstandard_province_226_68_18;x
7344;89;205;174;w_nonstandard_province_89_205_174;x
7345;196;56;35;w_nonstandard_province_196_56_35;x
7346;148;0;0;w_nonstandard_province_148_0_0;x
7347;92;11;11;w_nonstandard_province_92_11_11;x
7348;12;35;107;w_nonstandard_province_12_35_107;x
7349;100;17;18;w_nonstandard_province_100_17_18;x
7350;141;87;188;w_nonstandard_province_141_87_188;x
7351;93;64;211;w_nonstandard_province_93_64_211;x
7352;255;255;255;w_nonstandard_province_255_255_255;x
7353;156;29;96;w_nonstandard_province_156_29_96;x
7354;52;10;40;w_nonstandard_province_52_10_40;x
7355;186;43;119;w_nonstandard_province_186_43_119;x
7356;79;58;169;w_nonstandard_province_79_58_169;x
7357;52;182;26;w_nonstandard_province_52_182_26;x
7358;96;198;76;w_nonstandard_province_96_198_76;x
7359;85;28;119;w_nonstandard_province_85_28_119;x
7360;39;94;20;w_nonstandard_province_39_94_20;x
7361;186;200;86;w_nonstandard_province_186_200_86;x
7362;21;137;151;w_nonstandard_province_21_137_151;x
7363;153;27;165;w_nonstandard_province_153_27_165;x
7364;158;25;194;w_nonstandard_province_158_25_194;x
7365;63;16;75;w_nonstandard_province_63_16_75;x
7366;168;136;27;w_nonstandard_province_168_136_27;x
7367;122;81;14;w_nonstandard_province_122_81_14;x
7368;92;96;17;w_nonstandard_province_92_96_17;x
7369;196;60;60;w_nonstandard_province_196_60_60;x
7370;178;62;41;w_nonstandard_province_178_62_41;x
7371;210;219;63;w_nonstandard_province_210_219_63;x
7372;178;133;59;w_nonstandard_province_178_133_59;x
7373;81;48;193;w_nonstandard_province_81_48_193;x
7374;165;30;30;w_nonstandard_province_165_30_30;x
7375;10;40;135;w_nonstandard_province_10_40_135;x
7376;18;118;113;w_nonstandard_province_18_118_113;x
7377;85;12;7;w_nonstandard_province_85_12_7;x
7378;222;215;30;w_nonstandard_province_222_215_30;x
7379;111;15;87;w_nonstandard_province_111_15_87;x
7380;35;23;108;w_nonstandard_province_35_23_108;x
7381;201;118;8;w_nonstandard_province_201_118_8;x
7382;169;41;109;w_nonstandard_province_169_41_109;x
7383;16;90;50;w_nonstandard_province_16_90_50;x
7384;10;62;110;w_nonstandard_province_10_62_110;x
7385;0;120;233;w_nonstandard_province_0_120_233;x
7386;97;19;126;w_nonstandard_province_97_19_126;x
7387;148;0;109;w_nonstandard_province_148_0_109;x
7388;207;82;172;w_nonstandard_province_207_82_172;x
7389;29;67;13;w_nonstandard_province_29_67_13;x
7390;35;128;63;w_nonstandard_province_35_128_63;x
7391;184;49;108;w_nonstandard_province_184_49_108;x
7392;198;35;44;w_nonstandard_province_198_35_44;x
7393;127;21;74;w_nonstandard_province_127_21_74;x
7394;128;83;23;w_nonstandard_province_128_83_23;x
7395;193;60;126;w_nonstandard_province_193_60_126;x
7396;12;109;129;w_nonstandard_province_12_109_129;x
7397;39;27;115;w_nonstandard_province_39_27_115;x
7398;44;5;26;w_nonstandard_province_44_5_26;x
7399;61;144;40;w_nonstandard_province_61_144_40;x
7400;77;92;202;w_nonstandard_province_77_92_202;x
7401;177;121;48;w_nonstandard_province_177_121_48;x
7402;102;65;17;w_nonstandard_province_102_65_17;x
7403;114;14;26;w_nonstandard_province_114_14_26;x
7404;165;29;45;w_nonstandard_province_165_29_45;x
7405;166;81;31;w_nonstandard_province_166_81_31;x
7406;123;36;82;w_nonstandard_province_123_36_82;x
7407;203;75;91;w_nonstandard_province_203_75_91;x
7408;97;81;16;w_nonstandard_province_97_81_16;x
7409;206;175;59;w_nonstandard_province_206_175_59;x
7410;38;29;181;w_nonstandard_province_38_29_181;x
7411;29;26;78;w_nonstandard_province_29_26_78;x
7412;110;78;170;w_nonstandard_province_110_78_170;x
7413;4;75;90;w_nonstandard_province_4_75_90;x
7414;0;125;140;w_nonstandard_province_0_125_140;x
7415;129;75;28;w_nonstandard_province_129_75_28;x
7416;104;54;1;w_nonstandard_province_104_54_1;x
7417;200;122;55;w_nonstandard_province_200_122_55;x
7418;210;76;155;w_nonstandard_province_210_76_155;x
7419;212;136;152;w_nonstandard_province_212_136_152;x
7420;170;93;102;w_nonstandard_province_170_93_102;x
7421;190;116;50;w_nonstandard_province_190_116_50;x
7422;15;147;30;w_nonstandard_province_15_147_30;x
7423;14;41;71;w_nonstandard_province_14_41_71;x
7424;49;114;24;w_nonstandard_province_49_114_24;x
7425;30;63;99;w_nonstandard_province_30_63_99;x
7426;255;140;78;w_nonstandard_province_255_140_78;x
7427;131;77;48;w_nonstandard_province_131_77_48;x
7428;12;109;41;w_nonstandard_province_12_109_41;x
7429;81;59;29;w_nonstandard_province_81_59_29;x
7430;160;108;35;w_nonstandard_province_160_108_35;x
7431;24;75;135;w_nonstandard_province_24_75_135;x
7432;210;9;9;w_nonstandard_province_210_9_9;x
7433;131;53;53;w_nonstandard_province_131_53_53;x
7434;48;134;144;w_nonstandard_province_48_134_144;x
7435;132;41;41;w_nonstandard_province_132_41_41;x
7436;26;54;119;w_nonstandard_province_26_54_119;x
7437;160;75;36;w_nonstandard_province_160_75_36;x
7438;133;76;65;w_nonstandard_province_133_76_65;x
7439;125;133;65;w_nonstandard_province_125_133_65;x
7440;173;31;53;w_nonstandard_province_173_31_53;x
7441;100;106;40;w_nonstandard_province_100_106_40;x
7442;133;53;30;w_nonstandard_province_133_53_30;x
7443;199;91;180;w_nonstandard_province_199_91_180;x
7444;102;94;173;w_nonstandard_province_102_94_173;x
7445;255;57;67;w_nonstandard_province_255_57_67;x
7446;232;69;225;w_nonstandard_province_232_69_225;x
7447;127;46;124;w_nonstandard_province_127_46_124;x
7448;68;110;148;w_nonstandard_province_68_110_148;x
7449;48;22;95;w_nonstandard_province_48_22_95;x
7450;51;116;101;w_nonstandard_province_51_116_101;x
7451;43;73;52;w_nonstandard_province_43_73_52;x
7452;156;152;49;w_nonstandard_province_156_152_49;x
7453;103;116;255;w_nonstandard_province_103_116_255;x
7454;99;22;11;w_nonstandard_province_99_22_11;x
7455;173;49;31;w_nonstandard_province_173_49_31;x
7456;17;77;31;w_nonstandard_province_17_77_31;x
7457;0;128;144;w_nonstandard_province_0_128_144;x
7458;102;29;97;w_nonstandard_province_102_29_97;x
7459;107;11;65;w_nonstandard_province_107_11_65;x
7460;165;80;42;w_nonstandard_province_165_80_42;x
7461;73;36;17;w_nonstandard_province_73_36_17;x
7462;33;100;45;w_nonstandard_province_33_100_45;x
7463;174;61;114;w_nonstandard_province_174_61_114;x
7464;206;187;57;w_nonstandard_province_206_187_57;x
7465;99;192;67;w_nonstandard_province_99_192_67;x
7466;120;164;20;w_nonstandard_province_120_164_20;x
7467;110;21;133;w_nonstandard_province_110_21_133;x
7468;20;28;112;w_nonstandard_province_20_28_112;x
7469;219;77;123;w_nonstandard_province_219_77_123;x
7470;137;28;64;w_nonstandard_province_137_28_64;x
7471;157;114;29;w_nonstandard_province_157_114_29;x
7472;160;123;53;w_nonstandard_province_160_123_53;x
7473;110;24;72;w_nonstandard_province_110_24_72;x
7474;172;21;21;w_nonstandard_province_172_21_21;x
7475;40;67;15;w_nonstandard_province_40_67_15;x
7476;107;10;86;w_nonstandard_province_107_10_86;x
7477;156;50;133;w_nonstandard_province_156_50_133;x
7478;193;36;159;w_nonstandard_province_193_36_159;x
7479;192;32;32;w_nonstandard_province_192_32_32;x
7480;38;92;47;w_nonstandard_province_38_92_47;x
7481;183;90;255;w_nonstandard_province_183_90_255;x
7482;44;95;202;w_nonstandard_province_44_95_202;x
7483;197;96;73;w_nonstandard_province_197_96_73;x
7484;149;103;36;w_nonstandard_province_149_103_36;x
7485;186;123;33;w_nonstandard_province_186_123_33;x
7486;213;218;136;w_nonstandard_province_213_218_136;x
7487;140;45;25;w_nonstandard_province_140_45_25;x
7488;84;138;182;w_nonstandard_province_84_138_182;x
7489;137;14;11;w_nonstandard_province_137_14_11;x
7490;170;33;33;w_nonstandard_province_170_33_33;x
7491;118;47;47;w_nonstandard_province_118_47_47;x
7492;149;13;157;w_nonstandard_province_149_13_157;x
7493;255;205;75;w_nonstandard_province_255_205_75;x
7494;27;169;167;w_nonstandard_province_27_169_167;x
7495;74;140;92;w_nonstandard_province_74_140_92;x
7496;47;57;119;w_nonstandard_province_47_57_119;x
7497;30;45;117;w_nonstandard_province_30_45_117;x
7498;23;120;55;w_nonstandard_province_23_120_55;x
7499;138;105;192;w_nonstandard_province_138_105_192;x
7500;75;26;153;w_nonstandard_province_75_26_153;x
7501;82;64;165;w_nonstandard_province_82_64_165;x
7502;132;109;27;w_nonstandard_province_132_109_27;x
7503;185;68;65;w_nonstandard_province_185_68_65;x
7504;103;28;57;w_nonstandard_province_103_28_57;x
7505;23;102;30;w_nonstandard_province_23_102_30;x
7506;174;45;32;w_nonstandard_province_174_45_32;x
7507;227;46;27;w_nonstandard_province_227_46_27;x
7508;86;71;17;w_nonstandard_province_86_71_17;x
7509;193;89;167;w_nonstandard_province_193_89_167;x
7510;83;131;47;w_nonstandard_province_83_131_47;x
7511;93;172;82;w_nonstandard_province_93_172_82;x
7512;25;157;7;w_nonstandard_province_25_157_7;x
7513;75;6;6;m_impassable_mountains_8216;x
7514;74;29;123;w_nonstandard_province_74_29_123;x
7515;196;76;22;w_nonstandard_province_196_76_22;x
7516;52;53;42;w_nonstandard_province_52_53_42;x
7517;95;22;78;w_nonstandard_province_95_22_78;x
7518;17;25;96;w_nonstandard_province_17_25_96;x
7519;130;17;19;w_nonstandard_province_130_17_19;x
7520;28;29;33;w_nonstandard_province_28_29_33;x
7521;29;22;22;w_nonstandard_province_29_22_22;x
7522;37;31;31;w_nonstandard_province_37_31_31;x
7523;144;126;68;w_nonstandard_province_144_126_68;x
7524;67;22;179;w_nonstandard_province_67_22_179;x
7525;21;9;9;w_nonstandard_province_21_9_9;x
7526;12;5;5;w_nonstandard_province_12_5_5;x
7527;14;4;4;w_nonstandard_province_14_4_4;x
7528;7;9;24;w_nonstandard_province_7_9_24;x
7529;13;12;12;w_nonstandard_province_13_12_12;x
7530;32;30;30;w_nonstandard_province_32_30_30;x
7531;19;15;15;w_nonstandard_province_19_15_15;x
7532;9;7;7;w_nonstandard_province_9_7_7;x
7533;12;8;8;w_nonstandard_province_12_8_8;x
7534;15;12;12;w_nonstandard_province_15_12_12;x
7535;21;22;31;w_nonstandard_province_21_22_31;x
7536;15;16;24;w_nonstandard_province_15_16_24;x
7537;13;14;19;w_nonstandard_province_13_14_19;x
7538;151;147;219;w_nonstandard_province_151_147_219;x
7539;185;178;55;w_nonstandard_province_185_178_55;x
7540;122;20;150;w_nonstandard_province_122_20_150;x
7541;84;112;174;w_nonstandard_province_84_112_174;x
7542;97;8;15;w_nonstandard_province_97_8_15;x
7543;185;55;55;w_nonstandard_province_185_55_55;x
7544;108;20;150;w_nonstandard_province_108_20_150;x
7545;109;20;150;w_nonstandard_province_109_20_150;x
7546;16;94;37;w_nonstandard_province_16_94_37;x
7547;129;20;150;w_nonstandard_province_129_20_150;x
7548;104;104;104;w_nonstandard_province_104_104_104;x
7549;98;205;231;w_nonstandard_province_98_205_231;x
7550;16;103;31;w_nonstandard_province_16_103_31;x
7551;225;122;203;w_nonstandard_province_225_122_203;x
7552;74;99;3;w_nonstandard_province_74_99_3;x
7553;33;94;20;w_nonstandard_province_33_94_20;x
7554;225;194;180;w_nonstandard_province_225_194_180;x
7555;120;59;46;w_nonstandard_province_120_59_46;x
7556;184;228;47;w_nonstandard_province_184_228_47;x
7557;175;160;73;w_nonstandard_province_175_160_73;x
7558;136;79;171;w_nonstandard_province_136_79_171;x
7559;87;148;66;w_nonstandard_province_87_148_66;x
7560;191;80;162;w_nonstandard_province_191_80_162;x
7561;72;78;101;w_nonstandard_province_72_78_101;x
7562;191;234;204;w_nonstandard_province_191_234_204;x
7563;74;250;28;w_nonstandard_province_74_250_28;x
7564;54;59;228;w_nonstandard_province_54_59_228;x
7565;185;138;216;w_nonstandard_province_185_138_216;x
7566;226;254;192;w_nonstandard_province_226_254_192;x
7567;23;151;136;w_nonstandard_province_23_151_136;x
7568;20;20;188;w_nonstandard_province_20_20_188;x
7569;157;26;23;w_nonstandard_province_157_26_23;x
7570;50;43;180;w_nonstandard_province_50_43_180;x
7571;50;71;100;w_nonstandard_province_50_71_100;x
7572;222;155;71;w_nonstandard_province_222_155_71;x
7573;175;10;117;w_nonstandard_province_175_10_117;x
7574;72;11;175;w_nonstandard_province_72_11_175;x
7575;204;89;32;w_nonstandard_province_204_89_32;x
7576;126;223;118;w_nonstandard_province_126_223_118;x
7577;141;88;122;w_nonstandard_province_141_88_122;x
7578;168;122;163;w_nonstandard_province_168_122_163;x
7579;38;116;43;w_nonstandard_province_38_116_43;x
7580;61;49;97;w_nonstandard_province_61_49_97;x
7581;245;206;161;w_nonstandard_province_245_206_161;x
7582;68;157;163;w_nonstandard_province_68_157_163;x
7583;199;73;1;w_nonstandard_province_199_73_1;x
7584;230;172;178;w_nonstandard_province_230_172_178;x
7585;210;194;11;w_nonstandard_province_210_194_11;x
7586;238;54;163;w_nonstandard_province_238_54_163;x
7587;158;140;38;w_nonstandard_province_158_140_38;x
7588;73;186;71;w_nonstandard_province_73_186_71;x
7589;2;211;137;w_nonstandard_province_2_211_137;x
7590;88;103;140;w_nonstandard_province_88_103_140;x
7591;151;65;218;w_nonstandard_province_151_65_218;x
7592;155;16;27;w_nonstandard_province_155_16_27;x
7593;251;170;218;w_nonstandard_province_251_170_218;x
7594;16;162;25;w_nonstandard_province_16_162_25;x
7595;219;234;1;w_nonstandard_province_219_234_1;x
7596;178;203;154;w_nonstandard_province_178_203_154;x
7597;26;191;134;w_nonstandard_province_26_191_134;x
7598;45;42;154;w_nonstandard_province_45_42_154;x
7599;34;185;68;w_nonstandard_province_34_185_68;x
7600;226;123;115;w_nonstandard_province_226_123_115;x
7601;80;251;193;w_nonstandard_province_80_251_193;x
7602;81;29;34;w_nonstandard_province_81_29_34;x
7603;103;111;20;w_nonstandard_province_103_111_20;x
7604;25;85;30;w_nonstandard_province_25_85_30;x
7605;166;96;35;w_nonstandard_province_166_96_35;x
7606;73;64;114;w_nonstandard_province_73_64_114;x
7607;79;59;204;w_nonstandard_province_79_59_204;x
7608;100;80;231;w_nonstandard_province_100_80_231;x
7609;25;85;25;w_nonstandard_province_25_85_25;x
7610;125;85;80;w_nonstandard_province_125_85_80;x
7611;245;187;227;w_nonstandard_province_245_187_227;x
7612;16;59;31;w_nonstandard_province_16_59_31;x
7613;75;151;104;w_nonstandard_province_75_151_104;x
7614;135;135;135;w_nonstandard_province_135_135_135;x
7615;82;81;81;w_nonstandard_province_82_81_81;x
7616;49;49;49;w_nonstandard_province_49_49_49;x
7617;43;40;40;w_nonstandard_province_43_40_40;x
7618;103;103;103;w_nonstandard_province_103_103_103;x
7619;32;32;32;w_nonstandard_province_32_32_32;x
7620;155;155;155;w_nonstandard_province_155_155_155;x
7621;166;166;166;w_nonstandard_province_166_166_166;x
7622;165;158;158;w_nonstandard_province_165_158_158;x
7623;176;176;176;w_nonstandard_province_176_176_176;x
7624;54;55;61;w_nonstandard_province_54_55_61;x
7625;86;90;112;w_nonstandard_province_86_90_112;x
7626;101;75;164;w_nonstandard_province_101_75_164;x
7627;123;103;50;w_nonstandard_province_123_103_50;x
7628;100;50;167;w_nonstandard_province_100_50_167;x
7629;28;146;25;w_nonstandard_province_28_146_25;x
7630;42;107;28;w_nonstandard_province_42_107_28;x
7631;59;82;193;w_nonstandard_province_59_82_193;x
7632;125;85;90;w_nonstandard_province_125_85_90;x
7633;100;50;241;w_nonstandard_province_100_50_241;x
7634;60;69;126;w_nonstandard_province_60_69_126;x
7635;100;50;156;w_nonstandard_province_100_50_156;x
7636;86;67;49;w_nonstandard_province_86_67_49;x
7637;98;23;47;w_nonstandard_province_98_23_47;x
7638;123;132;78;w_nonstandard_province_123_132_78;x
7639;55;69;138;w_nonstandard_province_55_69_138;x
7640;103;112;60;w_nonstandard_province_103_112_60;x
7641;25;137;172;w_nonstandard_province_25_137_172;x
7642;105;112;187;w_nonstandard_province_105_112_187;x
7643;75;145;96;w_nonstandard_province_75_145_96;x
7644;24;82;125;w_nonstandard_province_24_82_125;x
7645;25;45;71;w_nonstandard_province_25_45_71;x
7646;24;125;33;w_nonstandard_province_24_125_33;x
7647;100;50;56;w_nonstandard_province_100_50_56;x
7648;58;125;24;w_nonstandard_province_58_125_24;x
7649;166;112;169;w_nonstandard_province_166_112_169;x
7650;105;125;180;w_nonstandard_province_105_125_180;x
7651;9;66;9;w_nonstandard_province_9_66_9;x
7652;71;14;109;w_nonstandard_province_71_14_109;x
7653;100;65;97;w_nonstandard_province_100_65_97;x
7654;46;100;10;w_nonstandard_province_46_100_10;x
7655;82;51;127;w_nonstandard_province_82_51_127;x
7656;41;113;174;w_nonstandard_province_41_113_174;x
7657;23;55;30;w_nonstandard_province_23_55_30;x
7658;25;45;190;w_nonstandard_province_25_45_190;x
7659;70;93;149;w_nonstandard_province_70_93_149;x
7660;89;148;101;w_nonstandard_province_89_148_101;x
7661;27;177;154;w_nonstandard_province_27_177_154;x
7662;152;41;88;w_nonstandard_province_152_41_88;x
7663;25;125;115;w_nonstandard_province_25_125_115;x
7664;25;52;180;w_nonstandard_province_25_52_180;x
7665;25;125;60;w_nonstandard_province_25_125_60;x
7666;45;224;127;w_nonstandard_province_45_224_127;x
7667;25;125;135;w_nonstandard_province_25_125_135;x
7668;182;71;131;w_nonstandard_province_182_71_131;x
7669;25;125;195;w_nonstandard_province_25_125_195;x
7670;135;40;69;w_nonstandard_province_135_40_69;x
7671;25;85;85;w_nonstandard_province_25_85_85;x
7672;25;125;185;w_nonstandard_province_25_125_185;x
7673;24;91;186;w_nonstandard_province_24_91_186;x
7674;63;149;159;w_nonstandard_province_63_149_159;x
7675;84;120;191;w_nonstandard_province_84_120_191;x
7676;28;77;114;w_nonstandard_province_28_77_114;x
7677;100;15;95;w_nonstandard_province_100_15_95;x
7678;48;128;169;w_nonstandard_province_48_128_169;x
7679;9;196;227;w_nonstandard_province_9_196_227;x
7680;136;95;124;w_nonstandard_province_136_95_124;x
7681;25;125;216;w_nonstandard_province_25_125_216;x
7682;25;85;82;w_nonstandard_province_25_85_82;x
7683;51;76;89;w_nonstandard_province_51_76_89;x
7684;58;133;135;w_nonstandard_province_58_133_135;x
7685;128;96;216;w_nonstandard_province_128_96_216;x
7686;50;67;117;w_nonstandard_province_50_67_117;x
7687;6;57;50;w_nonstandard_province_6_57_50;x
7688;25;125;166;w_nonstandard_province_25_125_166;x
7689;54;85;164;w_nonstandard_province_54_85_164;x
7690;84;93;220;w_nonstandard_province_84_93_220;x
7691;19;52;111;w_nonstandard_province_19_52_111;x
7692;100;20;120;w_nonstandard_province_100_20_120;x
7693;57;78;165;w_nonstandard_province_57_78_165;x
7694;25;85;40;w_nonstandard_province_25_85_40;x
7695;25;85;22;w_nonstandard_province_25_85_22;x
7696;146;20;105;w_nonstandard_province_146_20_105;x
7697;105;125;133;w_nonstandard_province_105_125_133;x
7698;100;20;141;w_nonstandard_province_100_20_141;x
7699;93;162;158;w_nonstandard_province_93_162_158;x
7700;17;68;68;w_nonstandard_province_17_68_68;x
7701;100;20;131;w_nonstandard_province_100_20_131;x
7702;75;30;135;w_nonstandard_province_75_30_135;x
7703;105;125;139;w_nonstandard_province_105_125_139;x
7704;105;125;140;w_nonstandard_province_105_125_140;x
7705;29;40;93;w_nonstandard_province_29_40_93;x
7706;75;45;196;w_nonstandard_province_75_45_196;x
7707;161;75;201;w_nonstandard_province_161_75_201;x
7708;49;102;38;w_nonstandard_province_49_102_38;x
7709;66;53;126;w_nonstandard_province_66_53_126;x
7710;25;45;246;w_nonstandard_province_25_45_246;x
7711;25;125;251;w_nonstandard_province_25_125_251;x
7712;33;73;43;w_nonstandard_province_33_73_43;x
7713;25;45;46;w_nonstandard_province_25_45_46;x
7714;166;175;143;w_nonstandard_province_166_175_143;x
7715;105;125;52;w_nonstandard_province_105_125_52;x
7716;49;82;17;w_nonstandard_province_49_82_17;x
7717;82;1;62;w_nonstandard_province_82_1_62;x
7718;68;211;164;w_nonstandard_province_68_211_164;x
7719;15;71;169;w_nonstandard_province_15_71_169;x
7720;17;15;182;w_nonstandard_province_17_15_182;x
7721;87;13;196;w_nonstandard_province_87_13_196;x
7722;40;31;128;w_nonstandard_province_40_31_128;x
7723;38;210;51;w_nonstandard_province_38_210_51;x
7724;234;95;47;w_nonstandard_province_234_95_47;x
7725;246;12;27;w_nonstandard_province_246_12_27;x
7726;255;0;0;w_nonstandard_province_255_0_0;x
7727;82;8;8;w_nonstandard_province_82_8_8;x
7728;230;20;50;w_nonstandard_province_230_20_50;x
7729;125;46;134;w_nonstandard_province_125_46_134;x
7730;23;44;92;w_nonstandard_province_23_44_92;x
7731;241;71;140;w_nonstandard_province_241_71_140;x
7732;0;115;57;w_nonstandard_province_0_115_57;x
7733;240;149;225;w_nonstandard_province_240_149_225;x
7734;191;207;58;w_nonstandard_province_191_207_58;x
7735;153;124;191;m_impassable_mountains_8464;x
7736;97;152;3;w_nonstandard_province_97_152_3;x
7737;91;198;196;w_nonstandard_province_91_198_196;x
7738;148;1;175;w_nonstandard_province_148_1_175;x
7739;9;225;50;w_nonstandard_province_9_225_50;x
7740;72;69;145;m_impassable_mountains_8474;x
7741;43;228;190;w_nonstandard_province_43_228_190;x
7742;114;170;92;w_nonstandard_province_114_170_92;x
7743;134;136;224;w_nonstandard_province_134_136_224;x
7744;68;229;218;w_nonstandard_province_68_229_218;x
7745;77;227;42;w_nonstandard_province_77_227_42;x
7746;222;57;30;m_impassable_mountains_8501;x
7747;164;252;7;w_nonstandard_province_164_252_7;x
7748;23;108;35;m_impassable_mountains_8512;x
7749;229;225;172;w_nonstandard_province_229_225_172;x
7750;0;106;152;w_nonstandard_province_0_106_152;x
7751;30;194;141;w_nonstandard_province_30_194_141;x
7752;133;127;6;w_nonstandard_province_133_127_6;x
7753;53;162;141;w_nonstandard_province_53_162_141;x
7754;185;24;206;w_nonstandard_province_185_24_206;x
7755;33;155;217;w_nonstandard_province_33_155_217;x
7756;150;143;20;m_impassable_mountains_8548;x
7757;132;180;77;w_nonstandard_province_132_180_77;x
7758;182;174;22;w_nonstandard_province_182_174_22;x
7759;60;72;21;w_nonstandard_province_60_72_21;x
7760;114;140;28;w_nonstandard_province_114_140_28;x
7761;196;83;167;w_nonstandard_province_196_83_167;x
7762;37;73;11;w_nonstandard_province_37_73_11;x
7763;47;81;7;w_nonstandard_province_47_81_7;x
7764;30;26;140;w_nonstandard_province_30_26_140;x
7765;111;86;25;w_nonstandard_province_111_86_25;x
7766;86;43;21;w_nonstandard_province_86_43_21;x
7767;199;99;209;w_nonstandard_province_199_99_209;x
7768;116;161;197;w_nonstandard_province_116_161_197;x
7769;173;16;142;w_nonstandard_province_173_16_142;x
7770;100;15;81;w_nonstandard_province_100_15_81;x
7771;100;85;70;w_nonstandard_province_100_85_70;x
7772;105;125;95;w_nonstandard_province_105_125_95;x
7773;59;83;157;w_nonstandard_province_59_83_157;x
7774;20;110;137;w_nonstandard_province_20_110_137;x
7775;24;186;230;w_nonstandard_province_24_186_230;x
7776;205;199;40;w_nonstandard_province_205_199_40;x
7777;74;120;121;w_nonstandard_province_74_120_121;x
7778;44;90;69;w_nonstandard_province_44_90_69;x
7779;25;125;217;w_nonstandard_province_25_125_217;x
7780;173;86;65;w_nonstandard_province_173_86_65;x
7781;42;62;166;w_nonstandard_province_42_62_166;x
7782;25;125;41;w_nonstandard_province_25_125_41;x
7783;73;173;88;w_nonstandard_province_73_173_88;x
7784;56;186;58;w_nonstandard_province_56_186_58;x
7785;45;20;104;w_nonstandard_province_45_20_104;x
7786;17;39;68;w_nonstandard_province_17_39_68;x
7787;25;45;7;w_nonstandard_province_25_45_7;x
7788;64;82;234;w_nonstandard_province_64_82_234;x
7789;24;230;90;w_nonstandard_province_24_230_90;x
7790;116;80;28;w_nonstandard_province_116_80_28;x
7791;44;189;28;w_nonstandard_province_44_189_28;x
7792;181;129;53;w_nonstandard_province_181_129_53;x
7793;201;188;70;w_nonstandard_province_201_188_70;x
7794;18;19;22;w_nonstandard_province_18_19_22;x
7795;34;35;42;w_nonstandard_province_34_35_42;x
7796;24;25;33;w_nonstandard_province_24_25_33;x
7797;51;52;61;w_nonstandard_province_51_52_61;x
7798;62;62;67;w_nonstandard_province_62_62_67;x
7799;69;71;91;w_nonstandard_province_69_71_91;x
7800;47;50;70;w_nonstandard_province_47_50_70;x
7801;28;29;34;w_nonstandard_province_28_29_34;x
7802;19;20;38;w_nonstandard_province_19_20_38;x
7803;57;58;67;w_nonstandard_province_57_58_67;x
7804;45;47;59;w_nonstandard_province_45_47_59;x
7805;21;22;29;w_nonstandard_province_21_22_29;x
7806;43;46;59;w_nonstandard_province_43_46_59;x
7807;20;21;25;w_nonstandard_province_20_21_25;x
7808;18;19;25;w_nonstandard_province_18_19_25;x
7809;49;52;81;w_nonstandard_province_49_52_81;x
7810;55;57;75;w_nonstandard_province_55_57_75;x
7811;140;44;18;w_nonstandard_province_140_44_18;x
7812;26;45;103;w_nonstandard_province_26_45_103;x
7813;144;88;14;w_nonstandard_province_144_88_14;x
7814;207;62;22;w_nonstandard_province_207_62_22;x
7815;193;31;31;w_nonstandard_province_193_31_31;x
7816;136;97;209;w_nonstandard_province_136_97_209;x
7817;188;112;37;w_nonstandard_province_188_112_37;x
7818;137;15;189;w_nonstandard_province_137_15_189;x
7819;5;37;186;w_nonstandard_province_5_37_186;x
7820;87;26;92;w_nonstandard_province_87_26_92;x
7821;25;45;22;w_nonstandard_province_25_45_22;x
7822;144;149;5;w_nonstandard_province_144_149_5;x
7823;50;20;150;w_nonstandard_province_50_20_150;x
7824;135;136;146;w_nonstandard_province_135_136_146;x
7825;93;24;90;w_nonstandard_province_93_24_90;x
7826;38;194;213;w_nonstandard_province_38_194_213;x
7827;180;27;162;w_nonstandard_province_180_27_162;x
7828;25;45;125;w_nonstandard_province_25_45_125;x
7829;46;85;214;w_nonstandard_province_46_85_214;x
7830;83;235;75;w_nonstandard_province_83_235_75;x
7831;226;244;103;w_nonstandard_province_226_244_103;x
7832;117;81;28;w_nonstandard_province_117_81_28;x
7833;119;13;115;w_nonstandard_province_119_13_115;x
7834;219;149;245;w_nonstandard_province_219_149_245;x
7835;123;158;232;w_nonstandard_province_123_158_232;x
7836;23;82;167;w_nonstandard_province_23_82_167;x
7837;208;97;131;w_nonstandard_province_208_97_131;x
7838;1;4;162;w_nonstandard_province_1_4_162;x
7839;108;86;222;w_nonstandard_province_108_86_222;x
7840;44;130;48;w_nonstandard_province_44_130_48;x
7841;56;58;13;w_nonstandard_province_56_58_13;x
7842;7;173;146;w_nonstandard_province_7_173_146;x
7843;95;10;10;w_nonstandard_province_95_10_10;x
7844;150;45;130;w_nonstandard_province_150_45_130;x
7845;31;136;171;w_nonstandard_province_31_136_171;x
7846;14;178;47;w_nonstandard_province_14_178_47;x
7847;57;126;219;w_nonstandard_province_57_126_219;x
7848;16;157;219;w_nonstandard_province_16_157_219;x
7849;39;47;104;w_nonstandard_province_39_47_104;x
7850;10;84;177;w_nonstandard_province_10_84_177;x
7851;61;60;92;w_nonstandard_province_61_60_92;x
7852;137;221;74;w_nonstandard_province_137_221_74;x
7853;60;54;230;w_nonstandard_province_60_54_230;x
7854;79;58;21;w_nonstandard_province_79_58_21;x
7855;44;36;36;w_nonstandard_province_44_36_36;x
7856;53;53;53;w_nonstandard_province_53_53_53;x
7857;208;168;23;w_nonstandard_province_208_168_23;x
7858;91;178;230;w_nonstandard_province_91_178_230;x
7859;3;183;57;w_nonstandard_province_3_183_57;x
7860;16;100;187;w_nonstandard_province_16_100_187;x
7861;52;176;234;w_nonstandard_province_52_176_234;x
7862;106;128;250;w_nonstandard_province_106_128_250;x
7863;32;32;115;w_nonstandard_province_32_32_115;x
7864;2;127;44;w_nonstandard_province_2_127_44;x
7865;195;44;156;w_nonstandard_province_195_44_156;x
7866;16;132;100;w_nonstandard_province_16_132_100;x
7867;250;231;148;w_nonstandard_province_250_231_148;x
7868;69;222;11;w_nonstandard_province_69_222_11;x
7869;179;203;91;w_nonstandard_province_179_203_91;x
7870;215;184;117;w_nonstandard_province_215_184_117;x
7871;232;108;101;w_nonstandard_province_232_108_101;x
7872;52;27;9;w_nonstandard_province_52_27_9;x
7873;79;111;251;w_nonstandard_province_79_111_251;x
7874;130;203;161;w_nonstandard_province_130_203_161;x
7875;217;69;178;w_nonstandard_province_217_69_178;x
7876;50;72;106;w_nonstandard_province_50_72_106;x
7877;15;50;79;w_nonstandard_province_15_50_79;x
7878;2;21;6;m_mayik_abyss_2_21_6;x
7879;191;196;22;m_mayik_abyss_191_196_22;x
7880;41;9;19;m_mayik_abyss_41_9_19;x
7881;178;201;158;m_mayik_abyss_178_201_158;x
7882;69;139;57;m_mayik_abyss_69_139_57;x
7883;95;71;1;m_mayik_abyss_95_71_1;x
7884;83;65;178;w_nonstandard_province_83_65_178;x
7885;116;149;150;s_sea_province_8682;x
7886;74;188;133;s_sea_province_8683;x
7887;18;43;71;s_sea_province_8684;x
7888;26;69;119;s_sea_province_8685;x
7889;140;20;150;s_sea_province_8686;x
7890;90;20;150;s_sea_province_8687;x
7891;67;123;186;s_sea_province_8688;x
7892;0;255;77;s_sea_province_8689;x
7893;33;18;133;s_sea_province_8690;x
7894;50;33;164;s_sea_province_8691;x
7895;75;40;175;s_sea_province_8692;x
7896;27;81;90;s_sea_province_8693;x
7897;54;113;165;s_sea_province_8694;x
7898;22;201;223;s_sea_province_8695;x
7899;54;117;186;s_sea_province_8696;x
7900;44;176;217;s_sea_province_8697;x
7901;81;115;227;s_sea_province_8698;x
7902;152;20;150;s_sea_province_8699;x
7903;0;20;150;s_sea_province_8700;x
7904;25;85;157;s_sea_province_8701;x
7905;125;85;205;s_sea_province_8702;x
7906;0;245;232;s_sea_province_8703;x
7907;64;96;138;s_sea_province_8704;x
7908;34;186;207;s_sea_province_8705;x
7909;14;1;224;s_sea_province_8706;x
7910;136;184;251;s_sea_province_8707;x
7911;58;116;41;s_sea_province_8708;x
7912;110;170;68;s_sea_province_8709;x
7913;122;15;206;s_sea_province_8710;x
7914;167;45;120;s_sea_province_8711;x
7915;32;35;4;s_sea_province_8712;x
7916;17;191;153;s_sea_province_8713;x
7917;60;65;17;s_sea_province_8714;x
7918;50;150;87;s_sea_province_8715;x
7919;17;47;83;s_sea_province_8716;x
7920;13;56;104;s_sea_province_8717;x
7921;14;61;114;s_sea_province_8718;x
7922;25;20;150;s_sea_province_8719;x
7923;50;50;160;s_sea_province_8720;x
7924;44;40;139;s_sea_province_8721;x
7925;50;50;105;s_sea_province_8722;x
7926;50;50;110;s_sea_province_8723;x
7927;50;50;115;s_sea_province_8724;x
7928;50;50;120;s_sea_province_8725;x
7929;50;50;125;s_sea_province_8726;x
7930;50;50;135;s_sea_province_8727;x
7931;50;50;145;s_sea_province_8728;x
7932;50;50;150;s_sea_province_8729;x
7933;50;50;155;s_sea_province_8730;x
7934;8;58;82;s_sea_province_8731;x
7935;26;99;168;s_sea_province_8732;x
7936;53;68;202;s_sea_province_8733;x
7937;30;87;108;s_sea_province_8734;x
7938;16;82;131;s_sea_province_8735;x
7939;15;29;116;s_sea_province_8736;x
7940;34;41;127;s_sea_province_8737;x
7941;17;24;99;s_sea_province_8738;x
7942;14;45;89;s_sea_province_8739;x
7943;47;57;168;s_sea_province_8740;x
7944;22;29;102;s_sea_province_8741;x
7945;33;24;143;s_sea_province_8742;x
7946;17;73;69;s_sea_province_8743;x
7947;53;75;202;s_sea_province_8744;x
7948;145;29;71;s_sea_province_8745;x
7949;84;173;196;s_sea_province_8746;x
7950;23;78;112;s_sea_province_8747;x
7951;64;155;182;s_sea_province_8748;x
7952;52;214;131;s_sea_province_8749;x
7953;78;88;197;s_sea_province_8750;x
7954;37;69;90;s_sea_province_8751;x
7955;39;45;74;s_sea_province_8752;x
7956;83;222;142;s_sea_province_8753;x
7957;91;166;214;s_sea_province_8754;x
7958;71;43;255;s_sea_province_8755;x
7959;24;42;128;s_sea_province_8756;x
7960;42;41;156;s_sea_province_8757;x
7961;34;128;196;s_sea_province_8758;x
7962;41;46;137;s_sea_province_8759;x
7963;55;84;165;s_sea_province_8760;x
7964;33;68;108;s_sea_province_8761;x
7965;58;64;173;s_sea_province_8762;x
7966;46;58;116;s_sea_province_8763;x
7967;10;24;87;s_sea_province_8764;x
7968;93;100;177;s_sea_province_8765;x
7969;54;64;170;s_sea_province_8766;x
7970;116;124;201;s_sea_province_8767;x
7971;19;40;160;s_sea_province_8768;x
7972;41;91;123;s_sea_province_8769;x
7973;29;122;116;s_sea_province_8770;x
7974;10;113;151;s_sea_province_8771;x
7975;34;139;132;s_sea_province_8772;x
7976;53;86;116;s_sea_province_8773;x
7977;37;34;110;s_sea_province_8774;x
7978;72;76;135;s_sea_province_8775;x
7979;14;56;112;s_sea_province_8776;x
7980;68;123;159;s_sea_province_8777;x
7981;56;163;158;s_sea_province_8778;x
7982;12;42;75;s_sea_province_8779;x
7983;37;166;214;s_sea_province_8780;x
7984;37;109;139;s_sea_province_8781;x
7985;50;0;168;s_sea_province_8782;x
7986;29;84;95;s_sea_province_8783;x
7987;81;156;182;s_sea_province_8784;x
7988;34;118;132;s_sea_province_8785;x
7989;46;65;86;s_sea_province_8786;x
7990;40;56;74;s_sea_province_8787;x
7991;30;82;89;s_sea_province_8788;x
7992;44;68;206;s_sea_province_8789;x
7993;21;44;110;s_sea_province_8790;x
7994;49;152;217;s_sea_province_8791;x
7995;19;94;126;s_sea_province_8792;x
7996;26;45;157;s_sea_province_8793;x
7997;35;119;129;s_sea_province_8794;x
7998;42;49;90;s_sea_province_8795;x
7999;12;21;62;s_sea_province_8796;x
8000;83;78;190;s_sea_province_8797;x
8001;113;137;202;s_sea_province_8798;x
8002;56;118;182;s_sea_province_8799;x
8003;63;84;139;s_sea_province_8800;x
8004;20;50;165;s_sea_province_8801;x
8005;19;148;142;s_sea_province_8802;x
8006;16;68;131;s_sea_province_8803;x
8007;29;31;140;s_sea_province_8804;x
8008;4;28;53;s_sea_province_8805;x
8009;82;112;172;s_sea_province_8806;x
8010;24;59;128;s_sea_province_8807;x
8011;26;102;182;s_sea_province_8808;x
8012;48;193;173;s_sea_province_8809;x
8013;89;83;229;s_sea_province_8810;x
8014;82;101;193;s_sea_province_8811;x
8015;69;5;219;s_sea_province_8812;x
8016;67;61;198;s_sea_province_8813;x
8017;34;18;115;s_sea_province_8814;x
8018;107;135;184;s_sea_province_8815;x
8019;41;26;168;s_sea_province_8816;x
8020;145;161;202;s_sea_province_8817;x
8021;10;37;85;s_sea_province_8818;x
8022;66;98;155;s_sea_province_8819;x
8023;63;46;128;s_sea_province_8820;x
8024;64;88;156;s_sea_province_8821;x
8025;37;104;174;s_sea_province_8822;x
8026;65;97;177;s_sea_province_8823;x
8027;51;116;93;s_sea_province_8824;x
8028;24;145;163;s_sea_province_8825;x
8029;58;103;182;s_sea_province_8826;x
8030;76;57;152;s_sea_province_8827;x
8031;57;40;203;s_sea_province_8828;x
8032;51;63;155;s_sea_province_8829;x
8033;61;55;159;s_sea_province_8830;x
8034;48;60;186;s_sea_province_8831;x
8035;15;115;140;s_sea_province_8832;x
8036;27;86;102;s_sea_province_8833;x
8037;19;95;61;s_sea_province_8834;x
8038;10;45;29;s_sea_province_8835;x
8039;123;126;211;s_sea_province_8836;x
8040;27;60;95;s_sea_province_8837;x
8041;36;58;119;s_sea_province_8838;x
8042;44;141;166;s_sea_province_8839;x
8043;40;81;152;s_sea_province_8840;x
8044;19;152;113;s_sea_province_8841;x
8045;25;203;150;s_sea_province_8842;x
8046;30;127;98;s_sea_province_8843;x
8047;29;74;153;s_sea_province_8844;x
8048;19;96;135;s_sea_province_8845;x
8049;70;168;217;s_sea_province_8846;x
8050;27;47;57;s_sea_province_8847;x
8051;41;176;193;s_sea_province_8848;x
8052;52;110;189;s_sea_province_8849;x
8053;120;189;210;s_sea_province_8850;x
8054;15;43;173;s_sea_province_8851;x
8055;27;115;209;s_sea_province_8852;x
8056;29;99;173;s_sea_province_8853;x
8057;48;112;188;s_sea_province_8854;x
8058;160;207;230;s_sea_province_8855;x
8059;29;92;185;s_sea_province_8856;x
8060;18;91;127;s_sea_province_8857;x
8061;4;73;106;s_sea_province_8858;x
8062;61;134;169;s_sea_province_8859;x
8063;34;87;112;s_sea_province_8860;x
8064;69;110;84;s_sea_province_8861;x
8065;44;157;211;s_sea_province_8862;x
8066;36;50;194;s_sea_province_8863;x
8067;26;34;120;s_sea_province_8864;x
8068;57;28;106;s_sea_province_8865;x
8069;76;90;231;s_sea_province_8866;x
8070;40;136;103;s_sea_province_8867;x
8071;168;163;163;s_sea_province_8868;x
8072;77;159;108;s_sea_province_8869;x
8073;16;20;50;s_sea_province_8870;x
8074;162;162;162;s_sea_province_8871;x
8075;25;108;98;s_sea_province_8872;x
8076;71;130;186;s_sea_province_8873;x
8077;52;160;173;s_sea_province_8874;x
8078;95;135;140;s_sea_province_8875;x
8079;40;103;119;s_sea_province_8876;x
8080;77;157;161;s_sea_province_8877;x
8081;8;89;99;s_sea_province_8878;x
8082;69;136;149;s_sea_province_8879;x
8083;13;71;83;s_sea_province_8880;x
8084;45;136;103;s_sea_province_8881;x
8085;174;119;90;s_sea_province_8882;x
8086;174;165;165;s_sea_province_8883;x
8087;143;12;12;s_sea_province_8884;x
8088;37;36;120;s_sea_province_8885;x
8089;25;76;196;s_sea_province_8886;x
8090;51;47;161;s_sea_province_8887;x
8091;19;23;92;s_sea_province_8888;x
8092;32;50;185;s_sea_province_8889;x
8093;46;85;110;s_sea_province_8890;x
8094;28;28;111;s_sea_province_8891;x
8095;70;91;172;s_sea_province_8892;x
8096;77;15;111;s_sea_province_8893;x
8097;132;133;205;s_sea_province_8894;x
8098;38;49;112;s_sea_province_8895;x
8099;80;95;181;s_sea_province_8896;x
8100;61;93;151;s_sea_province_8897;x
8101;52;107;205;s_sea_province_8898;x
8102;26;48;89;s_sea_province_8899;x
8103;109;143;202;s_sea_province_8900;x
8104;37;76;147;s_sea_province_8901;x
8105;40;56;149;s_sea_province_8902;x
8106;95;123;127;s_sea_province_8903;x
8107;49;87;153;s_sea_province_8904;x
8108;9;74;53;s_sea_province_8905;x
8109;18;137;99;s_sea_province_8906;x
8110;103;148;229;s_sea_province_8907;x
8111;40;18;79;s_sea_province_8908;x
8112;33;66;126;s_sea_province_8909;x
8113;32;105;123;s_sea_province_8910;x
8114;48;72;185;s_sea_province_8911;x
8115;5;0;255;s_sea_province_8912;x
8116;79;98;194;s_sea_province_8913;x
8117;50;50;140;s_sea_province_8914;x
8118;86;108;133;s_sea_province_8915;x
8119;41;83;135;s_sea_province_8916;x
8120;30;75;129;s_sea_province_8917;x
8121;24;85;157;s_sea_province_8918;x
8122;24;54;90;s_sea_province_8919;x
8123;81;108;141;s_sea_province_8920;x
8124;24;54;91;s_sea_province_8921;x
8125;37;79;129;s_sea_province_8922;x
8126;50;88;133;s_sea_province_8923;x
8127;62;110;168;s_sea_province_8924;x
8128;27;28;45;s_sea_province_8925;x
8129;71;113;164;s_sea_province_8926;x
8130;24;55;92;s_sea_province_8927;x
8131;11;36;66;s_sea_province_8928;x
8132;52;98;153;s_sea_province_8929;x
8133;67;96;131;s_sea_province_8930;x
8134;56;83;115;s_sea_province_8931;x
8135;43;85;136;s_sea_province_8932;x
8136;35;70;111;s_sea_province_8933;x
8137;26;86;156;s_sea_province_8934;x
8138;35;64;98;s_sea_province_8935;x
8139;21;62;110;s_sea_province_8936;x
8140;46;72;102;s_sea_province_8937;x
8141;58;110;172;s_sea_province_8938;x
8142;22;56;95;s_sea_province_8939;x
8143;11;40;73;s_sea_province_8940;x
8144;12;44;82;s_sea_province_8941;x
8145;41;99;169;s_sea_province_8942;x
8146;34;70;114;s_sea_province_8943;x
8147;13;45;83;s_sea_province_8944;x
8148;63;80;99;s_sea_province_8945;x
8149;27;69;120;s_sea_province_8946;x
8150;64;101;145;s_sea_province_8947;x
8151;8;37;70;s_sea_province_8948;x
8152;7;27;52;s_sea_province_8949;x
8153;20;46;77;s_sea_province_8950;x
8154;16;50;90;s_sea_province_8951;x
8155;40;79;126;s_sea_province_8952;x
8156;6;34;67;s_sea_province_8953;x
8157;15;38;66;s_sea_province_8954;x
8158;41;66;95;s_sea_province_8955;x
8159;110;20;150;s_sea_province_8956;x
8160;21;47;77;s_sea_province_8957;x
8161;29;72;124;s_sea_province_8958;x
8162;30;65;107;s_sea_province_8959;x
8163;8;40;78;s_sea_province_8960;x
8164;22;52;86;s_sea_province_8961;x
8165;12;43;81;s_sea_province_8962;x
8166;24;57;96;s_sea_province_8963;x
8167;19;49;86;s_sea_province_8964;x
8168;10;37;70;s_sea_province_8965;x
8169;20;62;113;s_sea_province_8966;x
8170;15;41;73;s_sea_province_8967;x
8171;24;67;120;s_sea_province_8968;x
8172;18;56;102;s_sea_province_8969;x
8173;7;43;86;s_sea_province_8970;x
8174;15;77;152;s_sea_province_8971;x
8175;27;61;102;s_sea_province_8972;x
8176;13;33;58;s_sea_province_8973;x
8177;7;28;54;s_sea_province_8974;x
8178;33;68;110;s_sea_province_8975;x
8179;37;65;98;s_sea_province_8976;x
8180;50;93;144;s_sea_province_8977;x
8181;34;104;186;s_sea_province_8978;x
8182;24;65;114;s_sea_province_8979;x
8183;27;71;124;s_sea_province_8980;x
8184;13;48;90;s_sea_province_8981;x
8185;33;67;108;s_sea_province_8982;x
8186;13;56;107;s_sea_province_8983;x
8187;11;45;85;s_sea_province_8984;x
8188;21;57;100;s_sea_province_8985;x
8189;15;47;86;s_sea_province_8986;x
8190;12;36;66;s_sea_province_8987;x
8191;9;34;65;s_sea_province_8988;x
8192;13;49;92;s_sea_province_8989;x
8193;33;74;124;s_sea_province_8990;x
8194;11;36;69;s_sea_province_8991;x
8195;21;83;160;s_sea_province_8992;x
8196;63;98;140;s_sea_province_8993;x
8197;36;65;100;s_sea_province_8994;x
8198;16;73;141;s_sea_province_8995;x
8199;12;55;108;s_sea_province_8996;x
8200;17;51;92;s_sea_province_8997;x
8201;21;48;81;s_sea_province_8998;x
8202;40;63;91;s_sea_province_8999;x
8203;15;40;70;s_sea_province_9000;x
8204;35;83;143;s_sea_province_9001;x
8205;18;43;75;s_sea_province_9002;x
8206;3;54;118;s_sea_province_9003;x
8207;22;65;119;s_sea_province_9004;x
8208;11;37;69;s_sea_province_9005;x
8209;30;70;119;s_sea_province_9006;x
8210;12;34;60;s_sea_province_9007;x
8211;0;55;120;s_sea_province_9008;x
8212;17;47;82;s_sea_province_9009;x
8213;42;73;111;s_sea_province_9010;x
8214;20;55;98;s_sea_province_9011;x
8215;20;65;119;s_sea_province_9012;x
8216;12;35;63;s_sea_province_9013;x
8217;16;67;127;s_sea_province_9014;x
8218;24;63;110;s_sea_province_9015;x
8219;9;49;97;s_sea_province_9016;x
8220;26;60;100;s_sea_province_9017;x
8221;12;49;94;s_sea_province_9018;x
8222;19;42;69;s_sea_province_9019;x
8223;20;60;108;s_sea_province_9020;x
8224;26;75;133;s_sea_province_9021;x
8225;10;38;71;s_sea_province_9022;x
8226;21;67;123;s_sea_province_9023;x
8227;14;47;89;s_sea_province_9024;x
8228;20;57;100;s_sea_province_9025;x
8229;19;81;156;s_sea_province_9026;x
8230;18;55;100;s_sea_province_9027;x
8231;15;39;67;s_sea_province_9028;x
8232;22;71;131;s_sea_province_9029;x
8233;8;41;79;s_sea_province_9030;x
8234;18;45;79;s_sea_province_9031;x
8235;36;70;111;s_sea_province_9032;x
8236;18;57;104;s_sea_province_9033;x
8237;20;36;54;s_sea_province_9034;x
8238;31;50;73;s_sea_province_9035;x
8239;8;33;63;s_sea_province_9036;x
8240;20;64;116;s_sea_province_9037;x
8241;37;65;99;s_sea_province_9038;x
8242;38;98;170;s_sea_province_9039;x
8243;32;94;169;s_sea_province_9040;x
8244;16;48;86;s_sea_province_9041;x
8245;23;44;70;s_sea_province_9042;x
8246;13;43;79;s_sea_province_9043;x
8247;7;37;73;s_sea_province_9044;x
8248;17;64;122;s_sea_province_9045;x
8249;16;73;143;s_sea_province_9046;x
8250;9;40;78;s_sea_province_9047;x
8251;24;61;107;s_sea_province_9048;x
8252;4;32;66;s_sea_province_9049;x
8253;26;81;148;s_sea_province_9050;x
8254;28;59;98;s_sea_province_9051;x
8255;15;77;153;s_sea_province_9052;x
8256;15;46;83;s_sea_province_9053;x
8257;12;69;139;s_sea_province_9054;x
8258;7;62;129;s_sea_province_9055;x
8259;14;42;75;s_sea_province_9056;x
8260;17;63;118;s_sea_province_9057;x
8261;41;111;196;s_sea_province_9058;x
8262;10;31;57;s_sea_province_9059;x
8263;24;66;118;s_sea_province_9060;x
8264;20;48;82;s_sea_province_9061;x
8265;8;29;54;s_sea_province_9062;x
8266;9;39;74;s_sea_province_9063;x
8267;18;49;86;s_sea_province_9064;x
8268;22;64;114;s_sea_province_9065;x
8269;15;50;91;s_sea_province_9066;x
8270;12;41;75;s_sea_province_9067;x
8271;12;50;95;s_sea_province_9068;x
8272;12;100;95;s_sea_province_9069;x
8273;36;89;149;s_sea_province_9070;x
8274;19;40;65;s_sea_province_9071;x
8275;11;54;104;s_sea_province_9072;x
8276;29;53;82;s_sea_province_9073;x
8277;30;78;133;s_sea_province_9074;x
8278;31;51;74;s_sea_province_9075;x
8279;45;62;82;s_sea_province_9076;x
8280;3;39;81;s_sea_province_9077;x
8281;11;47;89;s_sea_province_9078;x
8282;5;30;58;s_sea_province_9079;x
8283;39;90;149;s_sea_province_9080;x
8284;10;47;89;s_sea_province_9081;x
8285;12;42;77;s_sea_province_9082;x
8286;25;76;135;s_sea_province_9083;x
8287;37;64;95;s_sea_province_9084;x
8288;10;66;131;s_sea_province_9085;x
8289;13;42;75;s_sea_province_9086;x
8290;42;77;116;s_sea_province_9087;x
8291;43;92;149;s_sea_province_9088;x
8292;22;86;159;s_sea_province_9089;x
8293;20;54;94;s_sea_province_9090;x
8294;12;34;58;s_sea_province_9091;x
8295;25;76;136;s_sea_province_9092;x
8296;7;28;55;s_sea_province_9093;x
8297;8;69;142;s_sea_province_9094;x
8298;36;75;123;s_sea_province_9095;x
8299;58;100;152;s_sea_province_9096;x
8300;25;64;110;s_sea_province_9097;x
8301;40;113;202;s_sea_province_9098;x
8302;9;35;67;s_sea_province_9099;x
8303;3;16;32;s_sea_province_9100;x
8304;5;47;97;s_sea_province_9101;x
8305;53;105;168;s_sea_province_9102;x
8306;32;190;216;s_sea_province_9103;x
8307;139;20;150;s_sea_province_9104;x
8308;115;20;150;s_sea_province_9105;x
8309;1;20;150;s_sea_province_9106;x
8310;143;20;150;s_sea_province_9107;x
8311;72;20;150;s_sea_province_9108;x
8312;78;20;150;s_sea_province_9109;x
8313;150;198;94;s_sea_province_9110;x
8314;15;20;150;s_sea_province_9111;x
8315;112;20;150;s_sea_province_9112;x
8316;12;57;112;s_sea_province_9113;x
8317;163;20;150;s_sea_province_9114;x
8318;98;20;150;s_sea_province_9115;x
8319;18;57;102;s_sea_province_9116;x
8320;45;20;150;s_sea_province_9117;x
8321;29;107;151;s_sea_province_9118;x
8322;45;137;133;s_sea_province_9119;x
8323;34;84;144;s_sea_province_9120;x
8324;100;37;9;s_sea_province_9121;x
8325;48;72;102;s_sea_province_9122;x
8326;41;69;102;s_sea_province_9123;x
8327;46;78;115;s_sea_province_9124;x
8328;177;101;139;s_sea_province_9125;x
8329;24;66;115;s_sea_province_9126;x
8330;100;132;226;s_sea_province_9127;x
8331;160;12;12;s_sea_province_9128;x
8332;37;250;211;s_sea_province_9129;x
8333;63;81;199;s_sea_province_9130;x
8334;63;75;161;s_sea_province_9131;x
8335;105;125;24;s_sea_province_9132;x
8336;8;31;59;s_sea_province_9133;x
8337;57;68;151;s_sea_province_9134;x
8338;26;155;34;s_sea_province_9135;x
8339;77;86;143;s_sea_province_9136;x
8340;203;46;46;s_sea_province_9137;x
8341;81;39;183;s_sea_province_9138;x
8342;144;137;44;s_sea_province_9139;x
8343;105;125;64;s_sea_province_9140;x
8344;138;204;82;s_sea_province_9141;x
8345;35;112;89;s_sea_province_9142;x
8346;157;148;79;s_sea_province_9143;x
8347;152;106;51;s_sea_province_9144;x
8348;95;193;202;s_sea_province_9145;x
8349;123;20;150;s_sea_province_9146;x
8350;136;20;150;s_sea_province_9147;x
8351;85;20;150;s_sea_province_9148;x
8352;29;20;150;s_sea_province_9149;x
8353;25;125;220;s_sea_province_9150;x
8354;60;20;150;s_sea_province_9151;x
8355;157;33;16;s_sea_province_9152;x
8356;127;20;150;s_sea_province_9153;x
8357;96;20;150;s_sea_province_9154;x
8358;12;20;150;s_sea_province_9155;x
8359;50;50;130;s_sea_province_9156;x
8360;35;20;150;s_sea_province_9157;x
8361;94;20;150;s_sea_province_9158;x
8362;0;75;164;s_sea_province_9159;x
8363;93;54;127;s_sea_province_9160;x
8364;32;110;174;s_sea_province_9161;x
8365;89;20;150;s_sea_province_9162;x
8366;185;125;47;s_sea_province_9163;x
8367;40;115;226;s_sea_province_9164;x
8368;44;64;113;s_sea_province_9165;x
8369;14;47;90;s_sea_province_9166;x
8370;77;226;249;s_sea_province_9167;x
8371;18;90;101;s_sea_province_9168;x
8372;25;38;165;s_sea_province_9169;x
8373;179;204;242;s_sea_province_9170;x
8374;45;105;160;s_sea_province_9171;x
8375;81;82;153;s_sea_province_9172;x
8376;29;77;230;s_sea_province_9173;x
8377;4;128;219;s_sea_province_9174;x
8378;6;84;177;s_sea_province_9175;x
8379;49;163;187;s_sea_province_9176;x
8380;45;162;192;s_sea_province_9177;x
8381;51;95;188;s_sea_province_9178;x
8382;95;20;150;w_nonstandard_province_95_20_150;x
8383;44;83;130;w_nonstandard_province_44_83_130;x
8384;139;245;77;w_nonstandard_province_139_245_77;x
8385;22;56;106;w_nonstandard_province_22_56_106;x
8386;97;81;176;w_nonstandard_province_97_81_176;x
8387;40;20;150;w_nonstandard_province_40_20_150;x
8388;50;50;100;w_nonstandard_province_50_50_100;x
8389;75;27;163;w_nonstandard_province_75_27_163;x
8390;89;33;193;w_nonstandard_province_89_33_193;x
8391;127;114;28;w_nonstandard_province_127_114_28;x
8392;12;82;27;w_nonstandard_province_12_82_27;x
8393;177;95;95;w_nonstandard_province_177_95_95;x
8394;128;114;22;w_nonstandard_province_128_114_22;x
8395;25;45;126;w_nonstandard_province_25_45_126;x
8396;80;107;213;w_nonstandard_province_80_107_213;x
8397;59;55;213;w_nonstandard_province_59_55_213;x
8398;143;75;200;w_nonstandard_province_143_75_200;x
8399;14;67;80;w_nonstandard_province_14_67_80;x
8400;200;16;194;w_nonstandard_province_200_16_194;x
8401;34;104;88;w_nonstandard_province_34_104_88;x
8402;99;112;255;w_nonstandard_province_99_112_255;x
8403;30;122;92;w_nonstandard_province_30_122_92;x
8404;34;57;132;w_nonstandard_province_34_57_132;x
8405;216;93;45;w_nonstandard_province_216_93_45;x
8406;125;104;200;w_nonstandard_province_125_104_200;x
8407;51;111;14;w_nonstandard_province_51_111_14;x
8408;35;70;112;w_nonstandard_province_35_70_112;x
8409;49;24;125;w_nonstandard_province_49_24_125;x
8410;68;118;32;w_nonstandard_province_68_118_32;x
8411;112;109;14;w_nonstandard_province_112_109_14;x
8412;51;124;148;w_nonstandard_province_51_124_148;x
8413;27;130;171;l_lake_province_9195;x
8414;73;214;208;l_lake_province_9196;x
8415;8;20;150;l_lake_province_9197;x
8416;9;20;150;l_lake_province_9198;x
8417;7;20;150;l_lake_province_9199;x
8418;4;20;150;l_lake_province_9200;x
8419;138;20;150;l_lake_province_9201;x
8420;203;45;80;l_lake_province_9202;x
8421;12;35;168;l_lake_province_9203;x
8422;62;216;217;l_lake_province_9204;x
8423;26;118;113;l_lake_province_9205;x
8424;125;85;40;l_lake_province_9206;x
8425;63;58;188;l_lake_province_9207;x
8426;36;136;203;l_lake_province_9208;x
8427;134;20;150;l_lake_province_9209;x
8428;12;66;176;l_lake_province_9210;x
8429;8;70;166;l_lake_province_9211;x
8430;12;66;186;l_lake_province_9212;x
8431;70;20;150;l_lake_province_9213;x
8432;131;20;150;l_lake_province_9214;x
8433;133;20;150;l_lake_province_9215;x
8434;16;20;150;l_lake_province_9216;x
8435;66;20;150;l_lake_province_9217;x
8436;28;20;150;l_lake_province_9218;x
8437;87;20;150;l_lake_province_9219;x
8438;20;26;66;l_lake_province_9220;x
8439;53;180;207;l_lake_province_9221;x
8440;65;20;150;l_lake_province_9222;x
8441;91;20;150;l_lake_province_9223;x
8442;71;20;150;l_lake_province_9224;x
8443;10;64;109;l_lake_province_9225;x
8444;75;20;150;l_lake_province_9226;x
8445;111;3;213;l_lake_province_9227;x
8446;111;58;105;l_lake_province_9228;x
8447;165;20;150;l_lake_province_9229;x
8448;146;20;150;l_lake_province_9230;x
8449;145;20;150;l_lake_province_9231;x
8450;55;185;127;l_lake_province_9232;x
8451;56;165;212;l_lake_province_9233;x
8452;13;20;150;l_lake_province_9234;x
8453;79;20;150;l_lake_province_9235;x
8454;117;20;150;l_lake_province_9236;x
8455;80;20;150;l_lake_province_9237;x
8456;42;103;250;l_lake_province_9238;x
8457;217;110;211;l_lake_province_9239;x
8458;73;84;42;l_lake_province_9240;x
8459;178;84;28;l_lake_province_9241;x
8460;189;179;43;l_lake_province_9242;x
8461;110;28;20;l_lake_province_9243;x
8462;171;146;0;l_lake_province_9244;x
8463;118;67;100;l_lake_province_9245;x
8464;3;20;150;l_lake_province_9246;x
8465;169;115;74;l_lake_province_9247;x
8466;166;26;17;l_lake_province_9248;x
8467;82;20;150;l_lake_province_9249;x
8468;14;20;150;l_lake_province_9250;x
8469;188;100;91;l_lake_province_9251;x
8470;21;69;13;l_lake_province_9252;x
8471;156;15;15;l_lake_province_9253;x
8472;89;43;15;l_lake_province_9254;x
8473;197;197;197;l_lake_province_9255;x
8474;86;214;35;l_lake_province_9256;x
8475;83;15;15;l_lake_province_9257;x
8476;44;152;153;l_lake_province_9258;x
8477;217;119;89;l_lake_province_9260;x
8478;161;20;150;l_lake_province_9261;x
8479;149;20;150;l_lake_province_9262;x
8480;99;20;150;l_lake_province_9263;x
8481;159;20;150;l_lake_province_9264;x
8482;60;0;174;l_lake_province_9265;x
8483;55;20;150;l_lake_province_9266;x
8484;10;20;150;l_lake_province_9267;x
8485;30;20;150;l_lake_province_9268;x
8486;86;198;213;l_lake_province_9269;x
8487;37;16;96;l_lake_province_9270;x
8488;26;28;152;l_lake_province_9271;x
8489;33;118;188;l_lake_province_9272;x
8490;39;59;119;l_lake_province_9273;x
8491;104;20;150;l_lake_province_9274;x
8492;101;20;150;l_lake_province_9275;x
8493;90;43;17;l_lake_province_9276;x
8494;47;155;225;l_lake_province_9277;x
8495;89;75;240;l_lake_province_9278;x
8496;177;94;28;l_lake_province_9279;x
8497;6;20;150;l_lake_province_9280;x
8498;157;20;150;l_lake_province_9281;x
8499;121;20;150;l_lake_province_9282;x
8500;84;214;39;l_lake_province_9283;x
8501;118;20;150;l_lake_province_9284;x
8502;75;79;174;l_lake_province_9285;x
8503;167;20;49;l_lake_province_9287;x
8504;9;196;235;l_lake_province_9288;x
8505;164;20;150;l_lake_province_9289;x
8506;107;20;150;l_lake_province_9290;x
8507;147;20;150;l_lake_province_9291;x
8508;111;20;150;l_lake_province_9292;x
8509;60;122;173;l_lake_province_9293;x
8510;148;238;126;l_lake_province_9294;x
8511;89;199;194;l_lake_province_9295;x
8512;25;189;23;l_lake_province_9296;x
8513;14;56;182;l_lake_province_9297;x
8514;62;159;151;l_lake_province_9298;x
8515;52;91;24;l_lake_province_9299;x
8516;19;159;57;l_lake_province_9300;x
8517;79;190;64;l_lake_province_9301;x
8518;193;114;120;l_lake_province_9302;x
8519;11;164;24;l_lake_province_9303;x
8520;68;61;210;l_lake_province_9304;x
8521;22;114;25;l_lake_province_9305;x
8522;171;188;108;l_lake_province_9306;x
8523;108;20;167;l_lake_province_9307;x
8524;58;150;177;l_lake_province_9308;x
8525;182;157;43;l_lake_province_9309;x
8526;123;19;19;l_lake_province_9310;x
8527;112;90;16;l_lake_province_9311;x
8528;65;32;22;l_lake_province_9312;x
8529;201;169;77;l_lake_province_9313;x
8530;46;32;164;l_lake_province_9314;x
8531;70;96;148;l_lake_province_9315;x
8532;180;102;26;l_lake_province_9316;x
8533;112;17;92;l_lake_province_9317;x
8534;213;179;61;l_lake_province_9318;x
8535;126;80;35;l_lake_province_9319;x
8536;172;123;90;l_lake_province_9320;x
8537;35;112;29;l_lake_province_9321;x
8538;135;40;60;l_lake_province_9322;x
8539;133;35;37;l_lake_province_9323;x
8540;125;190;198;l_lake_province_9324;x
8541;129;62;255;l_lake_province_9325;x
8542;84;20;150;l_lake_province_9326;x
8543;44;134;83;l_lake_province_9327;x
8544;70;81;21;l_lake_province_9328;x
8545;103;20;150;l_lake_province_9329;x
8546;119;20;150;l_lake_province_9330;x
8547;36;71;176;l_lake_province_9331;x
8548;23;30;203;l_lake_province_9332;x
8549;10;153;106;r_river_province_9329;x
8550;108;215;201;r_river_province_9330;x
8551;108;188;181;r_river_province_9331;x
8552;55;118;194;r_river_province_9332;x
8553;108;159;48;r_river_province_9333;x
8554;157;178;209;r_river_province_9334;x
8555;30;72;108;r_river_province_9335;x
8556;84;63;218;r_river_province_9336;x
8557;77;199;255;r_river_province_9337;x
8558;26;116;72;r_river_province_9338;x
8559;25;125;222;r_river_province_9339;x
8560;127;215;169;r_river_province_9340;x
8561;61;20;150;r_river_province_9341;x
8562;44;134;172;r_river_province_9342;x
8563;69;102;161;r_river_province_9343;x
8564;4;166;149;r_river_province_9344;x
8565;24;72;90;r_river_province_9345;x
8566;21;151;168;r_river_province_9346;x
8567;34;88;152;r_river_province_9347;x
8568;3;69;104;r_river_province_9348;x
8569;17;74;98;r_river_province_9349;x
8570;66;86;109;r_river_province_9350;x
8571;181;156;69;r_river_province_9351;x
8572;42;95;176;r_river_province_9352;x
8573;28;88;169;r_river_province_9353;x
8574;39;157;181;r_river_province_9354;x
8575;30;38;127;r_river_province_9355;x
8576;66;9;47;r_river_province_9356;x
8577;81;20;150;r_river_province_9357;x
8578;152;152;152;r_river_province_9358;x
8579;86;20;150;r_river_province_9359;x
8580;73;20;150;r_river_province_9360;x
8581;17;20;150;r_river_province_9361;x
8582;2;20;150;r_river_province_9362;x
8583;22;20;150;r_river_province_9363;x
8584;66;61;41;r_river_province_9364;x
8585;19;64;65;r_river_province_9365;x
8586;60;136;103;r_river_province_9366;x
8587;69;52;181;r_river_province_9367;x
8588;35;35;132;r_river_province_9368;x
8589;22;22;128;r_river_province_9369;x
8590;18;11;59;r_river_province_9370;x
8591;41;27;120;r_river_province_9371;x
8592;63;46;157;r_river_province_9372;x
8593;43;31;118;r_river_province_9373;x
8594;40;25;140;r_river_province_9374;x
8595;27;16;100;r_river_province_9375;x
8596;48;31;155;r_river_province_9376;x
8597;188;86;16;r_river_province_9377;x
8598;106;28;3;r_river_province_9378;x
8599;182;97;69;r_river_province_9379;x
8600;110;115;56;r_river_province_9380;x
8601;107;14;37;r_river_province_9381;x
8602;122;177;57;r_river_province_9382;x
8603;75;162;164;r_river_province_9383;x
8604;107;115;193;r_river_province_9384;x
8605;37;51;192;r_river_province_9385;x
8606;38;44;108;r_river_province_9386;x
8607;73;120;87;r_river_province_9387;x
8608;40;95;135;r_river_province_9388;x
8609;22;58;81;r_river_province_9389;x
8610;22;153;217;r_river_province_9390;x
8611;81;205;84;r_river_province_9391;x
8612;52;99;153;r_river_province_9392;x
8613;189;115;94;r_river_province_9393;x
8614;198;31;96;r_river_province_9394;x
8615;123;210;201;r_river_province_9395;x
8616;185;138;92;r_river_province_9396;x
8617;122;42;57;r_river_province_9397;x
8618;115;174;36;r_river_province_9398;x
8619;126;123;123;r_river_province_9399;x
8620;51;45;192;r_river_province_9400;x
8621;37;28;23;r_river_province_9401;x
8622;68;20;150;r_river_province_9402;x
8623;37;134;136;r_river_province_9403;x
8624;153;20;150;r_river_province_9404;x
8625;154;20;150;r_river_province_9405;x
8626;40;224;196;r_river_province_9406;x
8627;151;20;150;r_river_province_9407;x
8628;161;103;31;r_river_province_9408;x
8629;166;90;39;r_river_province_9409;x
8630;210;229;161;r_river_province_9412;x
8631;44;130;76;r_river_province_9433;x
8632;0;98;131;r_river_province_9413;x
8633;36;84;150;r_river_province_9414;x
8634;70;172;158;r_river_province_9415;x
8635;64;150;219;r_river_province_9416;x
8636;44;110;214;r_river_province_9417;x
8637;49;48;153;r_river_province_9418;x
8638;61;120;190;r_river_province_9419;x
8639;7;19;126;r_river_province_9420;x
8640;11;82;202;r_river_province_9432;x
8641;31;193;221;r_river_province_9421;x
8642;83;159;238;r_river_province_9422;x
8643;40;172;216;r_river_province_9423;x
8644;80;205;230;r_river_province_9424;x
8645;33;43;89;r_river_province_9425;x
8646;64;85;158;r_river_province_9426;x
8647;6;68;133;r_river_province_9427;x
8648;12;17;233;r_river_province_9434;x
8649;137;134;249;r_river_province_9428;x
8650;32;15;227;r_river_province_9429;x
8651;97;105;213;r_river_province_9430;x
8652;55;45;217;r_river_province_9431;x